dist,thickness,smb,velocity
0,53.6390304565429,-5357.7314453125,76.744568071343
500,93.4573836862025,-5195.42244548135,83.0095331553492
1000,129.971124149748,-5033.1134456502,89.2744982393554
1500,156.355416093567,-4870.80444581905,95.5394633233617
2000,190.03934099745,-4744.25247586817,105.038002169481
2500,214.092143821867,-4626.05778233522,115.292304842691
3000,238.672581131445,-4507.86308880226,125.546607515901
3500,252.096777045052,-4467.34958793647,133.011125443518
4000,263.13643392328,-4474.22360831132,138.773803075568
4500,275.919083011752,-4481.09762868617,144.536480707618
5000,296.338817564485,-4443.86176037451,145.301379702685
5500,318.598174333588,-4348.54964520853,139.486071073394
6000,378.021592024191,-4253.23753004256,133.670762444102
6500,403.943832692824,-4120.11454498862,124.15639842204
7000,415.572260962571,-3964.24857523572,112.417077385032
7500,400.462931689955,-3808.38260548281,100.677756348025
8000,368.604465098933,-3704.13473087322,95.9707405488479
8500,340.134468788062,-3611.43548387209,92.8370775476621
9000,297.855136047842,-3517.67658016704,89.8421474634373
9500,293.281411306671,-3318.23611875711,100.683312328812
10000,277.598298470594,-3118.79565734718,111.524477194187
10500,263.947998970429,-2959.99829533329,121.236087760198
11000,258.150949101067,-2887.97426275205,128.536091219779
11500,255.703831068448,-2815.95023017082,135.836094679361
12000,255.421487617418,-2751.10292916834,133.528861521571
12500,260.958353514713,-2690.50627402708,125.531439157574
13000,278.611763578934,-2629.90961888582,117.534016793577
13500,301.827084748827,-2560.09711570122,116.948343635701
14000,338.596580921474,-2489.66582477735,116.860324032199
14500,379.791876432278,-2409.44527001191,116.923044304691
15000,409.638522158599,-2304.47440667387,117.366881942639
15500,420.732366473764,-2199.50354333583,117.810719580587
16000,429.556790666058,-2192.11563500043,115.168914664122
16500,440.362407422766,-2242.09673974602,110.713060684863
17000,454.070562950269,-2292.07784449162,106.257206705603
17500,466.473376704938,-2278.43663581003,103.859430693145
18000,474.537297786813,-2263.23785757311,101.512039512846
18500,492.446365496193,-2214.88873361238,98.127009699094
19000,515.770380113461,-2146.59763024521,94.1177761912984
19500,525.840753734145,-2090.79629639445,91.2036184567644
20000,531.860858118614,-2068.30936327552,91.210394779037
20500,530.369613314092,-2045.8224301566,91.2171711013096
21000,528.195685657005,-1996.67350006833,89.1070242918864
21500,525.173858144394,-1945.23648844718,86.8152071923599
22000,519.367436641257,-1939.27186243999,86.3538124160985
22500,509.673189509509,-1967.71584791261,87.2774844164058
23000,497.967748581605,-1980.97537341602,86.746590025133
23500,498.268061191905,-1939.61814474682,80.9837878019253
24000,509.036246156179,-1897.65169910938,75.2668764843699
24500,526.0630771403,-1811.06639325189,72.9110007442618
25000,541.488933435588,-1724.4810873944,70.5551250041538
25500,551.445094153319,-1732.02933534716,68.8377184483223
26000,552.578966558635,-1761.74427720972,67.270659461512
26500,554.70847197256,-1759.07033503907,67.4754167775662
27000,557.887005115687,-1735.27932942656,68.8353715754642
27500,559.826038944047,-1708.48811300374,68.222567709007
28000,560.861485514875,-1677.22020122044,64.6661575033952
28500,561.723928231631,-1643.50717759219,63.9837919625
29000,561.856175866508,-1605.37320344816,68.4979205080038
29500,561.475141126042,-1557.78943889617,71.079307678673
30000,564.370425874384,-1489.2671118341,69.378184407767
30500,573.487111192454,-1439.47950700022,68.0665046808271
31000,586.389022763922,-1441.43631059949,67.8304494310042
31500,599.769313168443,-1439.39726027815,67.5010846973327
32000,607.181217399214,-1423.24634867722,66.842185771894
32500,612.268053951949,-1408.72555273906,65.9494842886076
33000,622.28637133512,-1401.86181820105,63.9585536539533
33500,636.102955651068,-1402.71465196974,62.3014466552139
34000,651.465338179933,-1455.03831722104,62.8710004500006
34500,670.105110717435,-1499.972268705,63.429626878354
35000,694.165478609108,-1465.58978979709,63.8709659899911
35500,714.232372285145,-1432.39182944577,64.2567512757172
36000,735.737258274319,-1427.56392510432,63.311983195352
36500,757.972720872285,-1422.73602076287,62.3672151149868
37000,779.304236183966,-1384.17132391226,62.0500991298382
37500,801.380582581019,-1345.43474212004,61.7361809573955
38000,817.802323515749,-1346.0834852205,60.0213087514742
38500,831.293174633368,-1348.81461816009,58.232364985845
39000,847.06498572359,-1283.95570037502,58.8098273997332
39500,863.241738678753,-1211.97154278728,59.6367527348471
40000,874.85651564064,-1171.56818111615,59.0068925713797
40500,883.046311199095,-1136.32781000069,58.1388696399228
41000,891.047705532793,-1138.5900549405,58.1133537472281
41500,901.553252133492,-1149.40253578104,58.2799213592901
42000,906.799230314148,-1138.62838873392,58.2763153615187
42500,909.495133930176,-1120.80205456606,58.2171149399308
43000,914.123156667365,-1121.42577495743,58.5499376913534
43500,917.998941743505,-1130.21637318317,59.0562886755484
44000,920.761054410472,-1100.47295171479,60.133139071114
44500,923.281044134679,-1048.3484269172,61.5413435889978
45000,926.929065136059,-971.480546616759,61.2700851041418
45500,928.728215514051,-876.098486036417,59.7421708353699
46000,932.013346177573,-834.427041234411,58.5811102113996
46500,935.211044587629,-844.068186768731,57.770524265783
47000,940.88249274249,-846.879388143425,57.5161870199139
47500,944.676848406939,-841.370898400183,57.9394274025719
48000,947.419518310058,-828.927278020955,58.2293251927068
48500,950.238833770662,-805.647695994957,58.310878642367
49000,953.246481106702,-788.806472513914,58.3965328832605
49500,956.928984877611,-785.056985101169,58.4905256589097
50000,958.782992080421,-780.120909318314,58.5618129779276
50500,960.486450615667,-771.961608838975,58.5714236528772
51000,961.858134234958,-764.749700514029,58.3477477630121
51500,970.674679072504,-761.13436350214,57.2384494169722
52000,977.047099217716,-742.32712183615,56.1793543478832
52500,993.545229882788,-636.001510527036,55.4094731100763
53000,1011.16321346036,-534.969685791718,54.7124682104255
53500,1017.100224074,-489.265127031282,54.777120111296
54000,1026.40926183203,-445.100401229034,54.8440532493636
54500,1032.43743001315,-456.978028551079,54.9940122116804
55000,1038.3745876061,-468.855655873124,55.1439711739972
55500,1058.76513992918,-493.730377754962,56.2810072818068
56000,1086.68942700433,-519.060366757875,57.4526190994597
56500,1111.5638320428,-513.376678686441,59.0907419721822
57000,1152.81431078311,-504.459083365612,60.7775096244094
57500,1191.5092780263,-391.087838008003,59.4247418908804
58000,1222.12933410418,-258.554743306996,57.5143764179208
58500,1252.59660277331,-209.765776902422,55.0418565738568
59000,1286.68388012693,-183.994171237121,52.4148266738152
59500,1315.34872515241,-219.176625545672,51.2418366695232
60000,1342.33339995927,-277.616704774536,50.6236499798753
60500,1361.1345928894,-307.745617824822,50.6573309103383
61000,1362.03150934436,-323.499226109371,51.022004765886
61500,1358.67313392442,-297.551850147886,51.2383464703456
62000,1359.48819490298,-244.109515635708,51.3568874533201
62500,1354.45014622162,-219.172396335778,51.4283902970379
63000,1347.69380857126,-222.377735878676,51.4534536072101
63500,1342.31448271706,-252.980267071149,51.4360354248845
64000,1334.04607215139,-324.041921062661,51.3558822022803
64500,1323.62865389976,-356.274652032878,51.5582369741011
65000,1309.79938122342,-299.737255304477,52.4064574766618
65500,1299.82446890375,-251.734331141361,53.1466559055525
66000,1289.91395975424,-236.857910325473,53.4675673125882
66500,1281.20475765835,-221.082953967636,53.741967217225
67000,1274.68090936228,-197.682051465539,53.6216201187401
67500,1271.92699681855,-174.25601335831,53.502275161759
68000,1276.50880487184,-146.636045552492,53.5501396669371
68500,1279.52741088837,-119.016077746674,53.5980041721153
69000,1278.12021289233,-113.212895180447,53.8439267321583
69500,1274.83788160724,-109.659749249292,54.1102756691593
70000,1281.83049379421,-80.1644263865435,54.0268690483457
70500,1284.10629630909,-44.4672276591097,53.8598479892268
71000,1291.34144522505,-46.8337423434517,52.7463351948927
71500,1303.00473971034,-64.9283997638711,51.241726635704
72000,1308.46645308475,-61.2083028515406,50.178048022457
72500,1308.33744210244,-43.4330012430098,49.3984597341507
73000,1305.79195436269,-30.0341052508232,48.7723857251697
73500,1307.72316909316,-20.8616943029578,48.2945671254303
74000,1306.3034623912,-29.2512511955514,47.99933584965
74500,1304.53637224665,-62.9898826650195,47.9676524708868
75000,1306.15176490189,-100.628743943926,48.0192956346836
75500,1307.97239923957,-146.956246696682,48.2565674636958
76000,1306.37260299869,-171.022739685028,48.6756025487756
76500,1308.15572813408,-111.530285993997,49.7769043586248
77000,1307.79455622678,-59.3711430792944,50.6920167896242
77500,1308.7069371699,-65.9933990244634,50.1146966106519
78000,1313.29024726399,-72.4520156917411,49.5617799717684
78500,1315.15011619195,-64.8064856539808,51.1122159873806
79000,1319.45153023108,-57.1609556162204,52.6626520029928
79500,1326.06189974215,-55.0298261081735,53.5995223922821
80000,1332.29065617663,-53.4306533286181,54.4772040517113
80500,1339.09090646869,-6.86955194494422,54.5960117142407
81000,1346.19247133723,46.4615473497964,54.6005543633849
81500,1355.58544289541,67.8543200525965,54.1515874112478
82000,1354.14944094553,82.5306702290793,53.6072503371609
82500,1350.75285598129,94.9834227723591,52.7984732742384
83000,1347.7821825932,106.821229407734,51.9165641452475
83500,1350.32970982064,116.094610022227,50.8030466101701
84000,1351.78290799098,124.469182419736,49.6083524153575
84500,1352.15284548541,132.856838169617,48.6683037902065
85000,1351.66051268473,141.250165797004,47.8386487734701
85500,1342.30384160625,148.234534015267,47.4726742695706
86000,1330.3288199506,154.475783043101,47.3512560567087
86500,1325.1951688828,159.971244888957,47.324043719166
87000,1326.69197919485,164.993508543983,47.356604532522
87500,1331.48158544846,170.793469844084,47.4499401696039
88000,1335.65212807406,177.182699204183,47.5893254028245
88500,1337.58045424275,187.38873284468,47.7452962350325
89000,1336.61761717649,201.033756383613,47.9162109059043
89500,1333.51078543274,211.298224666525,47.8642449707239
90000,1328.79866971075,217.946315038906,47.5738506001621
90500,1324.92087023259,224.450313907852,47.5303365497922
91000,1321.32319445471,230.771117676194,47.8007012779537
91500,1315.98831583695,236.532347374068,47.6310464042724
92000,1308.32138810273,241.444970240817,46.794091775904
92500,1308.13485406766,246.358284167766,45.8622053716541
93000,1307.15393607036,251.272856502854,44.7574499185089
93500,1309.62872762178,255.742212387584,43.8726864698594
94000,1320.43020216863,259.227973815137,43.473940364171
94500,1329.63357872583,262.3514407725,43.2196719108815
95000,1340.08726249247,264.488939440265,43.3585929637581
95500,1353.78015887368,266.428543359505,43.6238691248927
96000,1366.13585152427,267.689722397616,44.3223172117054
96500,1375.37809474731,269.323652358052,45.0372046536994
97000,1379.01200702805,272.622416084098,45.825515907552
97500,1379.72359074629,276.380143841051,46.5410701702689
98000,1381.02453886691,282.231683408855,46.9247042015444
98500,1382.06298231756,288.0958362516,47.2355063114831
99000,1383.53630184623,294.018781390895,47.2068283151707
99500,1398.62215649286,299.973362610122,47.3177757057431
100000,1406.72972176964,306.07865323378,48.0938769000021
100500,1421.94098529079,312.334380819662,48.6901803099493
101000,1438.74269184956,319.322787885099,48.4108069906768
101500,1450.02283842284,326.086016595862,48.1109155253428
102000,1458.27079475851,331.727666136262,47.708826292064
102500,1466.24092939055,336.717989034229,46.7768851434793
103000,1472.43018726368,338.389415672578,43.1450336499236
103500,1477.6724606194,339.68360179225,40.2113332196928
104000,1484.01295636125,339.010542960815,40.9183714865055
104500,1487.89714031294,338.238172664822,41.5976067358175
105000,1493.2205064214,336.93559609931,42.1284066130818
105500,1498.06517541778,335.892271214453,43.0080116089281
106000,1502.97486837068,336.266499176503,45.7948354417452
106500,1506.68906269465,336.872985158753,48.1059375631345
107000,1510.76386698905,338.780642817275,47.7519191596827
107500,1515.00292521387,341.144853871901,47.4321783622852
108000,1521.77939287254,346.130766563965,47.3092724952303
108500,1529.16418390944,351.226319842826,47.1957348084962
109000,1538.62914495678,356.967498420682,47.1373622243708
109500,1547.21556127342,362.23176315767,47.1065256760943
110000,1554.82226185631,364.614884114822,47.2420405137677
110500,1564.80611645291,367.415645969621,47.3608320827024
111000,1571.46859130786,372.806119137675,47.3759258612836
111500,1582.21968151951,378.196406207524,47.4267133431644
112000,1590.32929793952,383.585508242351,47.7047909717565
112500,1600.40019713177,388.973018669279,47.9284563159973
113000,1608.43293441054,394.350115670965,47.7961179888499
113500,1621.59402980996,399.72858902822,47.6361645579571
114000,1637.43448573959,405.11631992982,47.2904683922564
114500,1650.44887803429,410.451651347893,46.8072354667414
115000,1665.23355430945,415.424446865416,45.3724280270947
115500,1680.75452427533,420.342166237902,43.9567831032947
116000,1694.70771087099,424.867682862015,42.6775963752488
116500,1701.54683728582,429.370528586327,41.5648246575819
117000,1706.38277230736,433.70710305178,41.6725617644431
117500,1714.6858253403,438.038657768703,41.8259396865372
118000,1718.11227382381,442.332270059715,42.3242996809545
118500,1716.3166392051,446.407039947704,42.7181200252681
119000,1709.42018693931,448.775809710417,42.2969947570757
119500,1706.95224522386,450.895510389558,41.8215480888589
120000,1702.14959405109,451.011203564277,40.9090319468306
120500,1695.92220075721,451.122691704776,40.0614173526781
121000,1692.20887217007,451.199231408461,39.7532056566898
121500,1690.86179770188,451.269826295302,39.4810429177306
122000,1690.29802455085,451.289342091565,39.5186202412934
122500,1684.2636923795,451.303822652481,39.5713990591603
123000,1675.26815027712,451.27353584298,39.7593316244756
123500,1675.28430480957,451.239661430088,39.9330425386059
124000,1678.67755916256,451.172750128618,39.9757916227127
124500,1681.79467968532,451.163061488804,40.0247284288129
125000,1678.91616089916,451.69970779898,40.1327426823423
125500,1675.42443842219,452.249990402175,40.2650606902563
126000,1672.65863846984,452.935404667466,40.6382217719209
126500,1669.4914219389,453.622727053063,40.9872926509173
127000,1667.16374810133,454.329698579643,41.088291232277
127500,1655.90032264054,455.038349108597,41.1806231731985
128000,1656.8884947092,455.764988779575,41.1800991252897
128500,1656.45458969591,456.493096489775,41.1782573539379
129000,1651.45588749219,457.237591362329,41.1617063379862
129500,1648.66094468257,457.985266490637,41.1454145214051
130000,1646.71908865877,458.76998127118,41.132141535789
130500,1644.02019120007,459.56111099814,41.1293927569092
131000,1638.06251113446,460.430317205901,41.2547343737584
131500,1634.63007688708,461.299523413663,41.3800759906075
132000,1628.08763279941,462.134028154395,41.5515133429885
132500,1622.49341788881,462.967565839164,41.7242352853214
133000,1620.28577107597,463.767817775816,41.651255529208
133500,1621.70135297047,464.563089433276,41.5415134010446
134000,1623.92880879821,465.362867687033,41.4173488903362
134500,1627.3797160488,466.164016379404,41.2887985885243
135000,1631.48862243959,466.984911112038,41.187779043906
135500,1637.29317162587,467.815807758896,41.1007045874342
136000,1644.11474340493,468.043742252323,41.0614870552132
136500,1652.5760150104,467.799344667203,41.0597583776004
137000,1660.29031466152,467.110155821392,40.9900393352035
137500,1665.4885809109,465.893972374716,40.8397644044185
138000,1673.85536666973,464.691067321821,40.6600101963009
138500,1680.68809191502,463.512322764207,40.4266174267263
139000,1688.70234752918,462.339004306995,40.21112608602
139500,1699.39972755168,461.181823388586,40.048874637989
140000,1711.92392429093,460.025047854061,39.8905764096334
140500,1720.90856811329,458.870595040747,39.7549288774858
141000,1729.81165764006,457.713962535398,39.6225743375782
141500,1736.40786355758,456.511666304548,39.5592067422861
142000,1738.30907929354,455.309370073698,39.4958391469939
142500,1737.67504676588,455.351528325279,39.4916049434374
143000,1732.3686478695,455.469576915408,39.4909768606203
143500,1725.93319863255,455.716145015349,39.3505403166563
144000,1719.62666481818,455.987286737114,39.183371642628
144500,1715.16151374597,456.261365485365,39.0135743491901
145000,1711.2505972222,456.536495297873,38.8428363601472
145500,1712.39051911462,456.786339432936,38.7000707824936
146000,1716.3096844929,457.026768324944,38.567720866143
146500,1718.94731525096,457.263745616169,38.4258371153871
147000,1727.44196125392,457.499386601933,38.2802622903196
147500,1736.69767251203,457.797526930431,38.2744629136732
148000,1750.00962429933,458.120809400031,38.3248921930906
148500,1762.13972873901,458.742546297233,38.4001906079067
149000,1774.55541106817,459.488958081267,38.485877733208
149500,1783.4783750714,460.219338216061,38.5464635921688
150000,1789.39908405301,460.94276805012,38.5961671428091
150500,1797.17772779561,461.583431115926,38.5391832817509
151000,1806.44841200586,462.186874499516,38.434222779299
151500,1818.88010174839,462.773275199563,38.3417731303913
152000,1832.89797665807,463.351730272465,38.2551562822445
152500,1845.41152840485,463.936775080992,38.0785186735331
153000,1851.80083286345,464.525003562515,37.8583896896295
153500,1856.26114833326,464.647716709974,37.3945824246939
154000,1858.09409881781,464.537473268721,36.8088318918606
154500,1863.33084607905,464.678182503468,36.3793055447244
155000,1870.28985887325,464.948919601991,36.0307247266829
155500,1873.93971348106,465.20335154961,35.7069265184673
156000,1875.90799809714,465.449039538637,35.3964184733047
156500,1875.59008003067,465.778485972477,35.0974075776341
157000,1871.3480233559,466.154405011366,34.8047757699316
157500,1871.32395247493,466.549571558283,34.6188065320482
158000,1872.35295273884,466.955783603986,34.4940473626957
158500,1874.41427120016,467.272859663694,34.5721210791264
159000,1883.04059808506,467.5370456905,34.7705484090094
159500,1891.61314263912,467.351086635184,34.8799787292894
160000,1901.7337144425,466.889031315397,34.9348227775508
160500,1907.10330819952,466.377983050527,34.7395647558117
161000,1914.98587848235,465.827206615032,34.3415000300997
161500,1919.73804436775,465.313752216984,33.8624531918988
162000,1924.46551247214,464.83999238135,33.2972762884971
162500,1930.89010390839,464.168209451732,32.8592705011745
163000,1935.68331032637,463.219553276404,32.5990736701744
163500,1941.34106782242,462.473473023674,32.3798925363912
164000,1947.16108656139,462.104655316252,32.2370960298194
164500,1952.57495877909,461.855089039035,32.1094721408319
165000,1959.39980497304,461.90952315561,32.0205268799546
165500,1964.59332869195,462.023891493432,31.9514978142964
166000,1968.87324268292,462.358215564618,31.9555602351723
166500,1973.65382511543,462.682967988584,31.9648978828653
167000,1974.39484938012,462.951965215963,32.0049639205046
167500,1973.66892112924,463.216908459375,32.0360109495965
168000,1969.19030752751,463.43452684733,31.9617730838047
168500,1964.75395459626,463.651784188955,31.8882632212362
169000,1959.41422870092,463.837418105484,31.8785179047852
169500,1959.01539532971,464.023052022013,31.8687725883343
170000,1959.37033372914,464.342649405188,31.8618663963248
170500,1957.62887942369,464.670243010767,31.855129670447
171000,1958.64513313941,465.254621824604,31.7609721211688
171500,1956.84558277906,465.87533015932,31.6544464271264
172000,1957.67136993758,466.525332604146,31.5540376156896
172500,1958.85529584947,467.182276230672,31.4550781875399
173000,1956.01796828587,467.8473878806,31.4070295239684
173500,1960.49003282619,468.515357072494,31.3767917357018
174000,1966.97426431642,469.130692923259,31.2886145698526
174500,1968.28900599769,469.720479491646,31.1723124648119
175000,1979.12419766307,470.415382247943,31.0543487364896
175500,1991.45221126686,471.17874398198,30.9353028434361
176000,2012.33906425446,471.354869054188,30.7322793670571
176500,2032.53178009661,471.026670297096,30.4571352293658
177000,2054.46915278538,470.315844408646,30.131642434824
177500,2080.43199952348,469.17417442029,29.7494562697276
178000,2087.88806278686,468.057203725405,29.3674225231908
178500,2098.64451035723,466.976860676954,28.9856148047026
179000,2111.00429152623,465.915442871821,28.6175071422876
179500,2122.45998526412,464.891570791378,28.2765789736791
180000,2135.28174315853,463.876120841604,27.9742348483258
180500,2149.3231079797,462.883731399623,27.7775371045339
181000,2161.47877977704,461.901403157776,27.6090797511974
181500,2162.65393818915,460.959344609919,27.5536538321491
182000,2162.98834551053,460.166363833984,27.4991848186194
182500,2161.36678836588,460.351245001071,27.4509925388883
183000,2158.17545254814,460.485475820662,27.4058934280214
183500,2152.4742018153,459.887143332129,27.4055312662139
184000,2144.03276276686,459.288810843597,27.4051691044065
184500,2140.79999291143,458.707137223849,27.2480534335731
185000,2138.45848322685,458.12551282099,27.0904746508582
185500,2135.7014291311,457.575426842823,26.9890688132292
186000,2132.79512520389,457.027735204065,26.8919275226545
186500,2129.56854725781,456.480590539537,26.8009932526088
187000,2124.03990419854,455.933533571878,26.7110541597374
187500,2114.09000083251,455.507380806501,26.6414590293946
188000,2099.3617845457,455.112556343818,26.5771353602918
188500,2087.66842786711,455.362340185841,26.4607287528414
189000,2079.86434584489,455.854682600859,26.3247239442653
189500,2082.10043211437,456.30916031769,26.2509353594193
190000,2086.10635450544,456.744042858568,26.2093439901733
190500,2084.05666370682,457.154363787652,26.1452809471373
191000,2079.85347249401,457.547712271035,26.0656896372104
191500,2087.54882995134,457.986337533091,26.045666509091
192000,2092.6156781881,458.46613412406,26.0798102470322
192500,2102.02263600905,458.834469462542,26.0609386749087
193000,2102.93907162451,459.069902920645,25.9788537955676
193500,2102.90256163551,459.267707337749,25.8269839567109
194000,2110.23464126757,459.406287034202,25.5652788782818
194500,2108.86830092109,459.506440367106,25.2856415999784
195000,2111.36442689567,459.525273862971,24.9680552826081
195500,2131.07805801966,459.550840220388,24.6785417960646
196000,2141.21610744721,459.596256103441,24.4717913918877
196500,2158.35867720237,459.634185187412,24.2730409860303
197000,2168.05059737397,459.639277315996,24.1093784174496
197500,2176.70873744195,459.644450542768,23.9420651751793
198000,2187.57749159191,459.650229643604,23.7474782223646
198500,2192.65953874353,459.65499463675,23.5537223706815
199000,2198.78745423665,459.623078238953,23.3900283613682
199500,2200.76531562874,459.591161841156,23.2263343520549
200000,2203.39945991264,458.362766479565,23.0087789034355
200500,2204.22318073088,457.052224021864,22.7875254701751
201000,2207.02009263182,456.41844727144,22.6448512295558
201500,2200.64859195142,455.909185900825,22.5166344561391
202000,2196.45795296235,455.421707005875,22.408047297421
202500,2193.3068864982,454.941355733128,22.3058833056429
203000,2189.84424167308,454.448545635023,22.2280217690298
203500,2179.57085398182,453.949383097181,22.1625514392474
204000,2164.26463311627,453.456230308203,22.1025931903784
204500,2139.19345890288,452.967589820116,22.0467735782785
205000,2119.80715490385,452.859795410885,22.0191027756897
205500,2104.78969694193,453.164570011525,22.0219254640775
206000,2094.8339881896,453.392898084294,22.0506203834896
206500,2080.25420140233,453.501081100696,22.1199766742071
207000,2066.65096816284,453.760815807132,22.1502327216368
207500,2065.17539638312,454.378055882503,22.0882526026544
208000,2064.61709736034,455.004077184583,22.0254458663231
208500,2058.85951276356,455.66382867595,21.9594639517888
209000,2052.19994099309,456.326345780998,21.8956599279596
209500,2044.97118938815,457.010060109668,21.8485484872755
210000,2051.16480444461,457.691565235773,21.8006595498695
210500,2059.71915411361,458.284229538903,21.7215043765423
211000,2072.95031750409,458.876893842034,21.6423492032151
211500,2085.22403047597,458.691231489413,21.488210215917
212000,2097.75747039004,458.449778905254,21.3286964103312
212500,2108.05133381139,458.153500012507,21.1924241130539
213000,2120.641626217,457.846930388123,21.0605141763111
213500,2134.58138594333,457.341159156844,20.851112297965
214000,2150.55703848873,456.76927626682,20.615992149176
214500,2166.15288556191,456.353957016463,20.534400938512
215000,2176.32695640237,456.019411290307,20.5320176041173
215500,2170.55928527031,455.66791523492,20.5324922857678
216000,2162.97883213666,455.303554602179,20.5351360797698
216500,2137.62395122974,454.991373680581,20.4925938028413
217000,2120.00547309466,454.736319778293,20.4005812339149
217500,2104.18746624556,454.580308405644,20.2973280506584
218000,2094.21032795517,454.581694806097,20.1762113529067
218500,2083.76472749885,454.590255307867,20.0713991631629
219000,2078.5242358521,454.615954794159,20.0055385714006
219500,2073.43929755152,454.571816885118,19.927834074697
220000,2073.61081306881,454.255046272138,19.8038930908801
220500,2073.51020832562,453.978503531316,19.6815988800769
221000,2077.61736447846,454.018446458052,19.5722603646309
221500,2083.35221703502,454.057858566318,19.465971881496
222000,2090.66534511031,454.073254526102,19.4976778973433
222500,2098.94463205665,454.088650485885,19.5293839131906
223000,2107.48562930587,453.888188706393,19.4446622975244
223500,2114.98191818002,453.680610746685,19.3561024131415
224000,2122.8111364433,453.367226607037,19.2611557650436
224500,2129.56358767205,453.043956034476,19.1656123435717
225000,2136.12470172494,452.786044280436,18.8452020977723
225500,2141.89939091911,452.53868351731,18.4884911985335
226000,2147.0795841161,452.364233146362,18.3501041652019
226500,2151.86632548905,452.207167606832,18.2637745065455
227000,2155.72728107887,452.023559584392,18.3485198161337
227500,2159.60243956688,451.831288418678,18.4891019125677
228000,2162.3571580938,451.639641759321,18.4279297094509
228500,2165.60531003447,451.448262251509,18.2804509827077
229000,2167.78287313881,450.929211528048,17.9999045307498
229500,2170.87189016021,450.231266304845,17.6467087797469
230000,2173.05734098235,449.456400324206,17.4605497278613
230500,2175.89476315289,448.628808041977,17.3888880843208
231000,2177.55430647775,447.805122227899,17.3451145456532
231500,2178.82304865911,446.984767235645,17.3251195979635
232000,2178.44009984588,446.179174649092,17.3080717263148
232500,2177.62317286555,445.389180608418,17.2941378525991
233000,2175.24334976297,444.647734570919,17.1683805317552
233500,2174.06066930519,443.969940816314,16.8960091953924
234000,2171.87714672588,443.274370053129,16.7134150040899
234500,2172.74390583303,442.549689953816,16.6778282848638
235000,2172.99906436286,441.754347353785,16.6922906729526
235500,2177.09582515878,440.812652581962,16.8104119391921
236000,2182.3279420057,439.897259183743,16.8442112355622
236500,2190.72904214422,439.052234989519,16.6524074897205
237000,2199.19710312005,438.212413461601,16.4768417003862
237500,2208.04493845924,437.391196533374,16.3593424221145
238000,2216.00272251104,436.582173196717,16.2982223139741
238500,2222.14960615013,435.834859847645,16.5224289587432
239000,2228.35702701053,435.159342605036,16.666664830416
239500,2232.15184497079,435.056207507644,16.1733474291545
240000,2232.67778029369,434.921164197222,15.7087657996095
240500,2230.09050732395,434.267073681859,15.7116256396713
241000,2225.23499826556,433.612681367935,15.7151186229047
241500,2221.51386688103,432.889606252847,15.8627012483959
242000,2223.75136637389,432.166531137759,16.010283873887
242500,2229.68482003755,431.386920565256,16.0437606706289
243000,2237.80574252024,430.604386729034,16.0713374279179
243500,2245.30041449202,429.198603109953,15.9099952097001
244000,2244.37351559773,427.721482628628,15.7270294188765
244500,2242.06828690661,426.794010776741,15.3257430664507
245000,2238.04774494206,425.968320698038,14.8840289703867
245500,2232.12126422928,425.312792306359,14.6213990482803
246000,2232.70908521145,424.702437611115,14.4063115210101
246500,2241.14595181124,424.24920487472,14.273067519467
247000,2251.26708761654,423.85213474976,14.169078156598
247500,2261.76983187004,423.455206754082,14.0665116059065
248000,2268.41336389142,423.058344682633,13.9646050022296
248500,2275.4525354639,422.692265310384,13.8887413045223
249000,2281.11258591123,422.344295813924,13.8281989985225
249500,2286.69935088103,421.967613409405,13.7679953904598
250000,2289.08094369588,421.569800236193,13.7080410412932
250500,2290.56489214159,421.18399198093,13.613420992241
251000,2294.16820445423,420.809153859673,13.4871233111743
251500,2298.73171799059,420.402151498668,13.331251082568
252000,2302.00655975659,419.958730023742,13.141892011914
252500,2305.18342841473,419.500318437707,12.9900207840338
253000,2310.41287207237,419.020814539659,12.8908980161705
253500,2309.97513313347,418.561511173288,12.8591505042149
254000,2300.11362453114,418.137825059937,12.9461979613852
254500,2278.65354935652,417.714285588356,13.0313655748515
255000,2258.56991537381,417.291075025887,13.1123168062578
255500,2243.70103790216,416.867962923006,13.1008754956236
256000,2238.39273622445,416.445138745629,12.8192505533267
256500,2236.87216619234,416.021512910785,12.6397659718546
257000,2232.7477327824,415.594705994776,12.8655876365821
257500,2226.42875398129,415.235697355742,13.0283380882399
258000,2219.33335775338,415.267782179267,12.8272630828539
258500,2217.05482263434,415.270235383436,12.6221407848264
259000,2211.36562123272,414.987773020881,12.3781027372814
259500,2201.43349155604,414.713145603303,12.1382533672835
260000,2201.11332409883,414.623355652518,11.9972208427533
260500,2219.38731440458,414.533565701734,11.8561883182231
261000,2243.78228386877,414.414143094151,11.9532482580214
261500,2262.82387042812,414.294333993982,12.0534135883669
262000,2270.31796528664,414.146485572072,11.8168201734026
262500,2270.80833597256,413.996642461552,11.5562700864573
263000,2267.37610822117,413.797938687748,11.4128103666662
263500,2263.64982675938,413.592575011831,11.2853105281198
264000,2258.77402222779,413.235716662663,11.2760803004268
264500,2254.635711775,412.847057843917,11.2916762206183
265000,2249.86580382738,412.076006953427,11.3382678420968
265500,2245.63815166819,411.192641469394,11.3939633907979
266000,2240.61409313944,410.683528157932,11.4236915836574
266500,2235.92442164347,410.320370755198,11.4432926769383
267000,2231.31013310864,409.979557942041,11.3510067186909
267500,2227.15893154918,409.649956598372,11.2025810734719
268000,2223.79320388191,409.345114919495,11.0750645749795
268500,2220.15875472371,409.055947492272,10.9607847349951
269000,2216.86889797642,408.831411149517,10.9118829589642
269500,2212.09563095023,408.666410211022,10.9232046729021
270000,2207.2564960105,408.556870953711,10.8953183746476
270500,2199.75734909991,408.521244756381,10.8151800693312
271000,2190.8182362455,408.483416888578,10.7342160194631
271500,2185.90903608302,408.441254845055,10.6516264211622
272000,2179.71226226896,408.310574849802,10.642566647506
272500,2182.06943739036,407.907161414677,10.8600602634909
273000,2179.41701551018,407.549794610527,10.9920453691414
273500,2183.11127359011,407.446942566638,10.6513970258867
274000,2185.15571542794,407.344176477598,10.3288549337358
274500,2191.86854713389,407.242724972179,10.2832277705038
275000,2192.82450510878,407.14127346676,10.2376006072718
275500,2188.16724483492,406.891275245269,10.1628889474698
276000,2182.41804499066,406.636610666811,10.08726364483
276500,2184.88395520535,406.307651949782,10.1215458098361
277000,2190.98186483423,405.968342327543,10.1711406468954
277500,2199.16715982038,405.610871788251,10.1225485717001
278000,2203.48541389152,405.248453281258,10.0472053325112
278500,2210.16114222265,404.914011619402,9.96239989625566
279000,2215.66049383513,404.591902360248,9.87342345272181
279500,2221.80354722882,404.054206189949,9.79049748264907
280000,2227.18568906739,403.374113462291,9.71156788966002
280500,2236.65577070868,402.91310122495,9.59674671183991
281000,2247.4573273015,402.662244360457,9.44749613603275
281500,2254.05437842102,402.262780878184,9.32157151397975
282000,2272.48534213189,401.656887511549,9.22804904203265
282500,2291.09777073805,401.043619969137,9.13932558750884
283000,2299.46097177213,400.415157508618,9.06049078751941
283500,2304.20427734711,399.782603131998,8.9833462960629
284000,2306.57915500951,399.136721474259,8.91170710247719
284500,2330.18299158934,398.497283534122,8.83649823619677
285000,2350.23870617134,397.896437941557,8.73991008890946
285500,2368.26283520604,397.2995984117,8.65723421542995
286000,2375.33156577677,396.776920372491,8.83210672275989
286500,2378.10267653886,396.254242333282,9.00697923008983
287000,2372.931542785,395.284040521347,9.114856429051
287500,2370.95820702103,394.294910226923,9.21989999190468
288000,2370.5862751772,393.709460972546,9.12219005862758
288500,2370.62839489872,393.185620268245,8.99353651472737
289000,2369.97773539229,392.65592138631,8.77140203699283
289500,2370.24855354413,392.125078508632,8.53101242993147
290000,2369.97358937124,391.615009294878,8.49670699701637
290500,2371.96293374172,391.10995124448,8.51211457887877
291000,2374.39403573581,390.599491986826,8.53449278225741
291500,2379.19726408249,390.087461815298,8.5588983557279
292000,2385.34146012536,389.611907499827,8.56991085935476
292500,2390.05971693112,389.148922594172,8.57630817360002
293000,2395.38409444598,388.648753022939,8.46564514964469
293500,2398.73836537417,388.133597417801,8.30780487749173
294000,2401.96156231798,387.636902468767,8.26411650953643
294500,2403.35272118946,387.148823937497,8.27370796487446
295000,2403.61176757034,386.651640966038,8.27890365593696
295500,2402.9612854601,386.149573114141,8.28174085131217
296000,2401.89970986831,385.67689053307,8.2908189082726
296500,2401.21846636796,385.222230099624,8.30372451984251
297000,2401.47344077809,384.705559086651,8.27223370100146
297500,2402.49658524917,384.145595582363,8.20974765372272
298000,2404.98440562785,383.824394274097,8.17636496511313
298500,2408.46346315646,383.692389782465,8.16604397934108
299000,2412.83812138435,383.615074073073,8.18538056428639
299500,2418.48168054936,383.586855013848,8.23134212266672
300000,2424.47856743724,383.550102789499,8.24867868154349
300500,2431.2226956554,383.504678819299,8.23692536379653
301000,2438.24023208724,383.451163655194,8.24409950375602
301500,2445.48833720195,383.388339434419,8.27305000681917
302000,2452.69341753206,383.322684716768,8.26854044444562
302500,2459.64365834452,383.253339158557,8.22040046236024
303000,2466.33035683611,383.189965358962,8.20032362614094
303500,2472.56676110515,383.13543555815,8.22180748314419
304000,2478.7270228079,382.940549400802,8.24874850763137
304500,2484.34519052385,382.508818831242,8.28489823243661
305000,2489.62270898823,382.080717389367,8.27873410700209
305500,2495.46315415149,381.659625314978,8.19084419186756
306000,2500.08988037916,381.238677717783,8.11416277508594
306500,2505.63658049148,380.818051453211,8.06241024868695
307000,2509.11538087435,380.398338660819,8.02719935401347
307500,2511.83209097134,379.98098419994,8.03469435907195
308000,2515.97194163962,379.563767091913,8.00981660708517
308500,2517.1622657635,379.146995090292,7.88003152020515
309000,2517.29445838844,378.735623326055,7.7847139295772
309500,2516.23923375511,378.346913912804,7.83404081333364
310000,2516.5976180748,377.99717500607,7.85289261956163
310500,2512.22222674375,377.869915125549,7.69776501986246
311000,2506.46451495643,377.741589926093,7.56123768699772
311500,2499.91423475681,377.604249019947,7.58212288523137
312000,2494.99367059936,377.466281969605,7.60493538889582
312500,2487.74882332159,377.318889907539,7.65675858432826
313000,2480.43502167866,377.17042799852,7.70759667341495
313500,2473.03944145957,376.966477648985,7.70734145922804
314000,2465.90879095921,376.76252729945,7.70708624504112
314500,2458.70199319555,376.58829870002,7.67883205034335
315000,2449.64539927573,376.414815450152,7.64987570897598
315500,2439.94468121171,376.528354090898,7.57824598749925
316000,2429.92783667552,376.662782700753,7.50351042071459
316500,2418.34396533933,377.065048840511,7.62688075572097
317000,2405.75728576372,377.500832909717,7.77504261132535
317500,2393.15727376942,377.936339209836,7.64768902106396
318000,2381.48176157279,378.371794712282,7.46994989782368
318500,2368.66998568063,378.745731232053,7.4296717656591
319000,2362.93071755155,379.10448133063,7.42332690770208
319500,2359.90503495435,379.543131453077,7.37786829637547
320000,2358.77311435074,380.007202133446,7.31996546557438
320500,2357.90535920389,380.458539571896,7.26265669966932
321000,2363.70703060871,380.904807907753,7.20558443095208
321500,2370.56098038658,381.424889123481,7.1307796091439
322000,2377.19131703598,381.981018236372,7.04731476416115
322500,2382.55563045082,382.51063985973,6.98430742152844
323000,2388.19783097951,383.024592948376,6.93339247584916
323500,2392.82575949931,383.548411952802,6.91333486712702
324000,2396.08368734122,384.079226490234,6.91515698290153
324500,2398.3862996771,384.657962597097,6.92615346307731
325000,2393.52904205352,385.277236267534,6.94491067364198
325500,2386.80235152227,385.905448845359,6.88041174832356
326000,2380.14087164249,386.542659273981,6.73210769380282
326500,2374.20672064427,387.220931975321,6.64653685991104
327000,2386.18507642671,387.94839371928,6.63611498536623
327500,2397.53898993656,388.885024262251,6.58981299691249
328000,2408.4290764282,390.120674241684,6.49221821769843
328500,2415.72680193367,391.365051561619,6.45343820490124
329000,2420.2158184006,392.624403152411,6.51557189457036
329500,2424.40559949195,393.877940774171,6.59247313469061
330000,2428.30973250797,395.119394267776,6.70006820395879
330500,2431.69925555193,396.372343061973,6.79366936340023
331000,2429.44084186518,397.649772774796,6.85746845155427
331500,2425.99899300491,398.938784016583,6.88131700802638
332000,2422.2237993677,400.253072613901,6.81797122287845
332500,2420.44586563324,401.599924757175,6.71125097905217
333000,2423.36442821998,403.019630981616,6.50748951196779
333500,2424.95403099521,404.454347959657,6.33016122480912
334000,2426.22680861443,405.923498657972,6.21346898216665
334500,2424.98202011179,407.398082863136,6.11440723966975
335000,2422.19177312267,408.885449946562,6.05682304442087
335500,2418.79691727499,410.384016596382,6.01630958748713
336000,2414.8473106566,411.909612217319,6.01699455526203
336500,2410.73037127262,413.308783279516,6.01345896320567
337000,2411.82589045182,414.394872466018,5.99947143996099
337500,2413.82598075097,415.609558701235,5.92620295944743
338000,2415.34146760718,417.15111838899,5.70225161827855
338500,2420.40003282597,418.60400520355,5.52406724232999
339000,2434.0578589291,419.82547698149,5.46532372299017
339500,2445.48848348518,421.027815890677,5.38934363142876
340000,2455.74442836924,422.178872285234,5.26716373687464
340500,2457.8726343228,423.325513651723,5.15560928799735
341000,2453.62036696998,424.459997244787,5.07331439513027
341500,2449.24343584608,425.587139814922,4.96850437153823
342000,2444.36323616235,426.693506551085,4.79997426121804
342500,2438.90656611037,427.796806529349,4.65275551279803
343000,2432.57603494057,428.889656289508,4.57815690173198
343500,2427.29979244609,429.992212466123,4.48896402874281
344000,2427.34329531187,431.135439590787,4.33861959985388
344500,2430.29022801758,432.324808567616,4.20779454869362
345000,2433.1838202254,433.759213258582,4.18062690262112
345500,2435.47126937303,435.196805648128,4.12875870428403
346000,2435.75627213725,436.656864089334,3.90280758388965
346500,2435.77459395391,438.119234021961,3.6874042490424
347000,2435.34407734121,439.604961215599,3.57858464530632
347500,2437.01106473884,441.091911549718,3.47632378129469
348000,2441.27810685351,442.599541945313,3.48495381061992
348500,2444.39531116561,444.107781893832,3.48978123518432
349000,2448.17571241628,445.643586408111,3.32265123855004
349500,2448.9408931257,447.17939092239,3.15552124191576
350000,2450.50182432618,448.587235760158,3.04144796946229
350500,2455.66631480742,449.99345133025,2.92805025049648
351000,2466.80265732549,451.29586040612,2.66505163161215
351500,2477.67765801937,452.593175056339,2.39471117281872
352000,2487.19135994612,453.89804508835,2.3395849798253
352500,2496.51242262587,455.2035809404,2.30342460150636
353000,2505.57885221612,456.526280075962,2.29912635271886
353500,2514.13284758755,457.85121376372,2.29897635396828
354000,2522.08841384801,459.18287239797,2.36132506162326
354500,2528.42606117239,460.515712241501,2.43465141082007
355000,2533.50694144814,461.866127416013,2.34646119363025
