distance,elevation,dhdt,error,v,smb
0,48.908,-0.104,0.22,276.7229687,665.9163208
150,48.56159338,-0.107308785,0.283962286,278.1641707,665.3864136
300,48.13785566,-0.121155571,0.370799383,278.1641707,665.340046
450,47.74233694,-0.143258614,0.457457023,278.1641707,664.6550903
600,47.39811903,-0.174391441,0.551149393,278.7708628,664.3688337
750,47.13344286,-0.21060216,0.595567492,280.1292706,664.1125488
900,47.07326417,-0.219843124,0.72805787,280.3156031,663.6225208
1050,47.12570312,-0.21011138,1.047307299,280.3156031,663.529427
1200,47.3424327,-0.165827135,1.436753079,281.8526253,663.5609096
1350,47.68347287,-0.087354594,1.734988858,281.8650053,662.8197021
1500,48.10039304,0.009065085,1.899932734,282.8811004,662.8145169
1650,48.48861312,0.097805693,1.883217873,282.8811004,662.2675587
1800,48.80730739,0.172605002,1.667005369,284.4581545,662.2552886
1950,48.94915688,0.213079472,1.335945988,284.4581545,661.5270116
2100,48.95744472,0.220191075,1.025979885,284.4581545,661.5099964
2250,48.79961275,0.196960074,0.789260891,285.1281126,660.9296875
2400,48.58093892,0.158535367,0.6682436,286.3523837,660.3894808
2550,48.36217289,0.117261506,0.605174886,286.3960948,660.3379733
2700,48.15410816,0.079103878,0.532720129,287.9797829,659.6262206
2850,48.02400286,0.04980536,0.53,288.0739245,659.5836182
3000,47.94665989,0.028543681,0.586732473,288.0739245,658.9127291
3150,47.92024264,0.022265789,0.711739645,288.0739245,658.9616686
3300,47.93388123,0.030060581,0.823929601,289.685233,658.2705672
3450,47.90523382,0.042951969,0.839921352,290.6241877,658.217041
3600,47.79039797,0.057613865,0.754356019,290.7190857,657.4577689
3750,47.61293284,0.06691227,0.583193477,292.4001338,657.516882
3900,47.43753073,0.067721569,0.460918953,292.4001338,656.8297729
4050,47.33004813,0.061334528,0.500006364,292.4001338,656.6551057
4200,47.27996016,0.056330802,0.744932139,292.9841286,656.1174299
4350,47.22428613,0.039997068,0.961278277,294.1612625,655.7619763
4500,47.10719685,0.011123822,1.137431694,294.243896,655.4216309
4650,46.8672108,-0.044023633,1.29924336,294.243896,654.6500986
4800,46.59298173,-0.114707985,1.250368554,295.9038477,654.7762366
4950,46.41387935,-0.176319951,1.035317675,295.9039526,653.9922485
5100,46.34200791,-0.222994007,0.640750256,295.9039526,653.9922485
5250,46.52421148,-0.221973747,0.607651595,296.3590245,653.331665
5400,46.84223243,-0.179461825,0.858837309,298.0477542,653.331665
5550,47.14996476,-0.108559587,1.03509343,298.0477542,652.981665
5700,47.22995366,-0.035927578,1.00096976,298.8621065,652.5984417
5850,47.13941441,0.011423064,0.787677691,299.7509687,652.3958298
6000,46.70478051,0.017477094,0.715233305,299.977095,651.3956543
6150,46.1678732,-0.009002908,0.773425586,300.2482175,651.1237164
6300,45.69972997,-0.062666672,0.785367603,301.2243021,651.178894
6450,45.41778639,-0.115422718,0.635510816,301.817278,650.6502614
6600,45.39406896,-0.148769373,0.449213354,301.817278,650.4504515
6750,45.51970931,-0.185014656,0.224840011,301.817278,649.9425836
6900,45.75708866,-0.175491129,0.335676583,303.8418266,649.6754761
7050,46.04550308,-0.164676109,0.39,304.5056525,648.9930186
7200,46.38256057,-0.14864626,0.416109555,304.5056525,648.9108476
7350,46.72174511,-0.12313915,0.525107082,305.0207294,648.1806319
7500,47.04417819,-0.088277275,0.658748917,305.982388,648.2375488
7650,47.3157069,-0.039215405,0.764028845,306.3017638,647.7058955
7800,47.46105376,0.011537596,0.78,306.4730411,647.4769645
7950,47.42016791,0.049909014,0.711246313,307.6490084,646.8741297
8100,47.1595286,0.052743432,0.715923697,308.0124067,646.6801758
8250,46.7070412,0.024396624,0.959628238,308.0124067,645.9854014
8400,46.16171766,-0.050041711,1.229923176,308.3518947,645.9282227
8550,45.70505016,-0.139810942,1.164115757,310.1311389,645.100708
8700,45.34400954,-0.240998168,0.628170625,310.131161,645.1647276
8850,45.40826891,-0.228597288,0.487278492,310.2795382,645.1190182
9000,45.57781558,-0.195645364,0.371335771,310.6681314,644.9844248
9150,45.82262364,-0.147592111,0.278230698,311.2233159,644.7615645
9300,46.11266717,-0.089887249,0.20585151,311.871467,644.4510544
9450,46.41792026,-0.027980493,0.152086442,312.5389603,644.0535117
9600,46.70835702,0.032678439,0.114823729,313.1521709,643.5695534
9750,46.95395153,0.086639829,0.091951607,313.6374744,642.9997968
9900,47.12467788,0.12845396,0.081358311,313.9212461,642.3448588
10050,47.19768724,0.153051378,0.104873502,313.964768,641.1436635
10200,47.18082645,0.157419419,0.227698354,315.4119421,641.1105957
10350,47.05299867,0.133027679,0.481766569,315.4119421,640.7738029
10500,46.84831244,0.089691325,0.767982043,315.4119421,640.2775566
10650,46.52898123,0.015994136,1.020973895,316.2935654,639.7398528
10800,46.171975,-0.067320936,1.05024199,317.6862744,639.4378052
10950,45.87948853,-0.130783333,0.948436703,317.8139849,638.8426235
11100,45.65254487,-0.177766599,0.791396945,319.2260623,637.8359775
11250,45.50142244,-0.201377887,0.750425611,319.496418,637.743103
11400,45.40788783,-0.202712084,0.78,319.496418,637.5947193
11550,45.3126527,-0.200462436,0.74596636,320.5456723,636.883667
11700,45.23037659,-0.195076069,0.6554377,321.1456037,636.2866706
11850,45.19346092,-0.18927446,0.539659961,321.5168799,636.0264893
12000,45.20754353,-0.1851054,0.433863279,321.8470254,635.6926836
12150,45.32793349,-0.17875865,0.387690863,322.3921262,635.1574707
12300,45.49243227,-0.166791981,0.38387233,323.2134127,634.8555339
12450,45.6592287,-0.145176177,0.418456556,323.2134127,634.2831056
12600,45.82482135,-0.109600134,0.50467971,323.3658998,633.6183128
12750,46.00797105,-0.060071154,0.627515295,324.8766367,633.4025479
12900,46.19646241,-0.004620678,0.667726771,324.8766367,633.2864844
13050,46.40214353,0.048470291,0.613908205,324.8766367,632.4987339
13200,46.60137966,0.09039872,0.4726601,324.8766367,632.4796486
13350,46.7422018,0.11097136,0.361073757,327.962488,631.5984936
13500,46.81758572,0.109398734,0.340300636,327.9704791,631.5962524
13650,46.80609368,0.088270892,0.42572235,327.9704791,630.681112
13800,46.73487178,0.053338004,0.510900025,327.98452,630.6681132
13950,46.61694569,0.015665832,0.515597636,329.7672295,629.7875366
14100,46.4717338,-0.017880875,0.42113271,329.8948502,629.4634365
14250,46.30968123,-0.037940002,0.355156732,330.1363404,628.8501587
14400,46.15745363,-0.041851292,0.380762075,331.3310583,628.2493124
14550,46.0343145,-0.038875293,0.468433758,331.8684269,627.9254785
14700,46.0169594,-0.023268119,0.589948354,331.8684269,627.3217256
14850,46.06765207,-0.003963855,0.62,332.3956648,627.0042725
15000,46.15127241,0.004996472,0.599519282,334.0135903,626.9351856
15150,46.1905911,-0.001330717,0.574663548,334.0135903,626.0388794
15300,46.15282433,-0.021613091,0.54115771,334.0135903,625.982461
15450,45.95871449,-0.052360839,0.418623641,334.097385,625.0616455
15600,45.72774733,-0.072103422,0.283846537,335.2486872,625.0587678
15750,45.52109266,-0.073937864,0.23,335.2486872,624.7844849
15900,45.38363899,-0.061921596,0.228769667,335.2486872,624.0725098
16050,45.35138894,-0.044955984,0.205139318,335.6133708,623.7775082
16200,45.40577155,-0.031053181,0.159658404,337.2108887,623.0714722
16350,45.57078408,-0.020204102,0.165417107,337.6161141,622.7639634
16500,45.79138851,-0.005093203,0.276141751,337.6161141,622.1155093
16650,46.01118406,0.01800992,0.402987461,338.0766357,621.723759
16800,46.140958,0.042471215,0.424392034,338.993499,621.1417236
16950,46.14821472,0.055490999,0.427141349,338.993499,620.9031684
17100,46.0210606,0.056654986,0.493937073,339.3669525,620.1132813
17250,45.86736389,0.049765042,0.495737487,341.3751814,619.720643
17400,45.70357954,0.031682518,0.50874401,341.3751814,619.1921387
17550,45.56653477,0.006642379,0.564417624,341.7388601,618.2249379
17700,45.442184,-0.022838168,0.616982407,343.2880554,617.9725797
17850,45.28637136,-0.063399896,0.652962748,343.2880554,617.2230835
18000,45.15026648,-0.098280871,0.555138519,343.3577181,617.1159949
18150,45.0707999,-0.112955859,0.409301495,344.7770763,616.1641235
18300,45.05005431,-0.110802522,0.364121617,346.2251808,616.1052681
18450,45.11080257,-0.082530267,0.419455402,346.2251808,615.1952826
18600,45.18745587,-0.047181126,0.405136756,346.2756481,614.9551168
18750,45.21893697,-0.014722608,0.347845704,347.4384609,614.1610107
18900,45.19325084,0.002021093,0.301273907,348.5664018,613.8782409
19050,45.08725252,0.000825027,0.347383535,348.5664018,613.0756836
19200,44.97650738,-0.018584197,0.44923795,349.1385155,612.7398692
19350,44.94221239,-0.045146064,0.449297478,350.0293576,612.0628571
19500,44.96587917,-0.067949369,0.326567157,350.0293576,611.4589881
19650,45.02496884,-0.078075601,0.183867651,350.4608057,611.0394287
19800,45.06400719,-0.074065616,0.125425041,352.0621292,610.9674048
19950,45.06259056,-0.064272962,0.12,352.4047319,610.1578178
20100,45.03550149,-0.063716815,0.142706099,352.4047319,609.9283447
20250,45.03177638,-0.05775656,0.184765413,352.4047319,608.9016438
20400,45.08869588,-0.04473782,0.220867702,354.3571581,608.8062134
20550,45.20146358,-0.031939089,0.270098155,354.3571581,608.6614144
20700,45.32241852,-0.020401748,0.306160771,354.3571581,607.6730347
20850,45.43172787,-0.012732207,0.261183897,354.6234269,607.4331069
21000,45.45455305,-0.011497031,0.201302551,355.9365186,606.6307021
21150,45.3922983,-0.022512973,0.308243688,356.1874973,606.0661324
21300,45.25136564,-0.017298786,0.2171642,356.1874973,605.4773646
21450,45.07340441,-0.015676126,0.154026775,356.7765521,604.8590425
21600,44.90376525,-0.032804721,0.143496972,357.3844894,604.4190063
21750,44.77718013,-0.033825705,0.173537629,357.9979641,603.6705183
21900,44.75651371,-0.023823664,0.266969925,358.3421285,603.2506104
22050,44.81841633,-0.005246044,0.356156478,359.2030301,603.2506104
22200,44.97742254,0.020438816,0.398994041,359.3420623,602.1429318
22350,45.1630952,0.046035203,0.351349885,359.3420623,602.0716553
22500,45.29345987,0.062165228,0.256527685,360.2351282,601.1506368
22650,45.34855747,0.071912224,0.175591656,361.3451176,600.908807
22800,45.32288487,0.048141456,0.109495168,361.3566789,599.9190674
22950,45.26192772,0.104787884,0.10007087,361.3566789,599.9123097
23100,45.2060577,0.074392142,0.122354676,361.3666341,598.9355507
23250,45.15210654,0.066539587,0.245279922,362.8325694,598.6459615
23400,45.09007172,0.04596585,0.374745739,363.5707879,597.7513428
23550,45.01214068,0.01468388,0.459573974,363.6015267,597.7160012
23700,44.94190757,-0.017910289,0.423888164,364.627253,596.5366821
23850,44.91378805,-0.041272934,0.304550682,364.627253,596.4733426
24000,44.93371539,-0.04993156,0.205130466,364.627253,595.4167386
24150,44.99516635,-0.047192347,0.190955328,364.6815897,594.5391885
24300,45.05520381,-0.043117628,0.21727119,365.6350846,594.1712878
24450,45.06034002,-0.048647924,0.295110048,366.0771659,593.3723145
24600,44.97998635,-0.06657474,0.380667299,366.5090732,593.2459061
24750,44.84690737,-0.087702033,0.357773078,366.6912625,592.2912551
24900,44.69436247,-0.100783514,0.27523633,366.6912625,592.1338501
25050,44.56991377,-0.099390736,0.250692845,366.6912625,591.3593541
25200,44.47418379,-0.088720359,0.259007772,368.3044994,590.9552323
25350,44.39447822,-0.072660129,0.23367866,368.4822014,589.9489525
25500,44.30717505,-0.061004232,0.20969399,368.4822014,589.9122703
25650,44.19386864,-0.080976712,0.130058221,368.4833768,588.6539307
25800,44.04968214,-0.057036193,0.18986892,369.6935216,588.6368807
25950,43.89875179,-0.060314823,0.179112448,369.714698,587.6433228
26100,43.81565883,-0.062997428,0.170025973,371.1481498,587.1756599
26250,43.85144197,-0.053671278,0.170383103,372.1449422,586.5979216
26400,43.91586891,-0.038337531,0.171340001,373.024674,585.9647766
26550,43.99717081,-0.021667327,0.173124533,373.7265056,585.3174809
26700,44.08357882,-0.008331802,0.175964568,374.189597,584.6972907
26850,44.16333827,-0.003009532,0.180154969,374.3531684,584.1455563
27000,44.23708907,-0.014786453,0.263307506,374.3531684,583.4851473
27150,44.28414433,-0.033242529,0.33484254,374.3531684,582.867981
27300,44.32540803,-0.05684817,0.336486406,374.7544944,582.4306903
27450,44.42229934,-0.066668483,0.314757996,375.5410864,581.5736084
27600,44.58257235,-0.061459125,0.380792611,376.1595752,581.1225126
27750,44.73176956,-0.039926571,0.452511219,376.7175188,580.4179846
27900,44.79172506,-0.017235968,0.424933027,377.3088972,579.6262959
28050,44.76436722,-0.007965144,0.361342117,377.6987466,579.2903442
28200,44.61596184,-0.011979014,0.357342132,377.6987466,578.6378397
28350,44.41672844,-0.028467929,0.34549004,378.3554577,578.0654024
28500,44.21879639,-0.046044137,0.31445764,379.2538606,577.0331374
28650,44.06522523,-0.063184667,0.262538461,379.2734632,576.9984741
28800,43.98642108,-0.074856574,0.228609999,379.2987517,575.6807861
28950,43.96670314,-0.085424013,0.216200601,380.1889596,575.6807861
29100,43.97267642,-0.100807408,0.20171544,380.1889596,575.5809687
29250,43.95986599,-0.098672734,0.264495575,380.2521177,574.6022702
29400,43.8861258,-0.098597503,0.433988774,381.2174023,574.1525639
29550,43.79143429,-0.1039815,0.436830784,382.1003787,573.3739624
29700,43.75092708,-0.103851688,0.400969455,382.1003787,572.7883192
29850,43.77318925,-0.095861227,0.327144736,382.1003787,572.0432739
30000,43.84378797,-0.084832148,0.239263975,382.5177047,571.6133293
30150,43.89207822,-0.077472287,0.182579089,383.7710817,570.8957823
30300,43.91283523,-0.076,0.163667743,384.1971659,570.2151087
30450,43.94734147,-0.075422035,0.16,384.712052,569.723938
30600,44.04686248,-0.07130005,0.170455342,385.2992474,569.0224269
30750,44.18704699,-0.054865091,0.165274355,385.2992474,568.382019
30900,44.31833199,-0.053176921,0.15545128,385.9907694,567.91198
31050,44.41230394,-0.03579321,0.154095905,388.0534279,567.2012162
31200,44.44583873,-0.038339181,0.178201615,388.5173715,566.3348171
31350,44.43777348,-0.04295763,0.224739306,388.5173715,566.0526123
31500,44.41787361,-0.031547962,0.23,388.5173715,564.975194
31650,44.38975509,-0.023561993,0.145220614,389.7561664,564.7010498
31800,44.34417233,-0.023621724,0.270502094,389.9785698,563.9243891
31950,44.31786989,-0.030959344,0.324992115,389.9785698,563.4237466
32100,44.3240878,-0.04673475,0.366715674,389.2585183,562.4555812
32250,44.30017581,-0.067988413,0.37,389.1658477,562.3641357
32400,44.23852017,-0.086017442,0.326091844,389.1914805,561.0046997
32550,44.15589657,-0.096793991,0.273846168,390.3148191,561.0046997
32700,44.08158709,-0.093886231,0.300205696,390.8177404,560.205532
32850,44.07353686,-0.075821235,0.353848522,391.1725102,559.6417847
33000,44.11730183,-0.052966709,0.335904954,391.1725102,559.153653
33150,44.20925403,-0.03371881,0.236779112,391.6002659,558.4531787
33300,44.28757689,-0.03,0.192132596,393.0628699,557.6410495
33450,44.32602639,-0.034556771,0.21869819,393.4818035,557.2971191
33600,44.33604866,-0.049251859,0.248144881,393.4818035,556.4061514
33750,44.32838258,-0.062320003,0.235637636,394.3024546,555.9287109
33900,44.3254629,-0.064,0.234943488,395.728932,555.2763467
34050,44.35551584,-0.05660273,0.288482929,395.8982734,554.7037092
34200,44.43207491,-0.038551619,0.328109263,395.8982734,553.7226808
34350,44.50091431,-0.018604367,0.27990022,398.352662,553.5823975
34500,44.48673649,-0.014102453,0.291963016,398.8376739,552.3627104
34650,44.41079797,-0.022125609,0.3435417,398.8376739,552.2102051
34800,44.30312006,-0.037089234,0.359760401,402.1277242,551.3397128
34950,44.20114865,-0.052558774,0.316641039,402.2979321,550.8945088
35100,44.1300754,-0.063987674,0.251469307,402.2979321,549.8662094
35250,44.1579735,-0.063646586,0.202462421,402.3425285,549.8382749
35400,44.28605827,-0.045477639,0.312703916,403.6271657,548.8212297
35550,44.42751585,-0.02683863,0.369145444,403.7213789,548.3329072
35700,44.51998384,-0.011795296,0.341709944,404.7043967,547.5218506
35850,44.54955953,-0.001171452,0.248826835,404.9035672,547.3154656
36000,44.5362034,0.003858592,0.201965719,406.0302713,546.1479492
36150,44.51045703,0.007948331,0.232210466,406.0302713,545.9898378
36300,44.54240412,0.02120634,0.278175954,406.2918365,545.0296028
36450,44.5628054,0.031712084,0.297404995,407.9130378,544.3693732
36600,44.53172511,0.031418631,0.325742736,408.5073217,543.8096924
36750,44.46583,0.022308742,0.34,408.5073217,543.6923273
36900,44.40771377,0.009725499,0.323560329,409.0209431,542.8247222
37050,44.40970588,0.005220462,0.278856542,409.4917666,542.4362793
37200,44.44700413,0.005791273,0.27,409.4917666,541.349438
37350,44.45680184,-0.003136862,0.187768241,410.4894869,541.0627441
37500,44.4365917,0.000837737,0.267079271,411.8792153,540.1359442
37650,44.38245259,-0.011121468,0.27,411.904346,540.1048584
37800,44.3285362,-0.028321818,0.260169924,411.904346,538.7568827
37950,44.34380817,-0.033958309,0.295469938,413.0744937,538.7335815
38100,44.41058179,-0.021835338,0.400878135,413.0948865,537.773714
38250,44.45915077,-0.000306767,0.469965418,414.6298631,537.3442994
38400,44.48989462,0.026401918,0.435925597,414.6437822,536.4113159
38550,44.46546998,0.044782528,0.29030432,415.8040228,536.3231393
38700,44.38568562,0.046045165,0.267951795,415.8040228,535.0437012
38850,44.30910937,0.021476437,0.40376005,415.8040228,534.9197102
39000,44.29927542,-0.000844974,0.421899861,416.1725265,534.0966187
39150,44.40594335,-0.012827369,0.339341328,418.2346014,533.7789035
39300,44.51411221,-0.017878342,0.31,418.2346014,532.7327881
39450,44.53679757,-0.018594626,0.308755131,418.4547905,532.5755615
39600,44.42834405,-0.017,0.292045374,419.3209531,531.6106376
39750,44.2260931,-0.019481133,0.274077188,419.3209531,530.7715721
39900,43.98013943,-0.029170515,0.262372605,420.0811087,530.4307861
40050,43.86676916,-0.038444539,0.264238336,421.7546439,529.8795473
40200,43.90980208,-0.039294104,0.300491972,422.0517914,529.2577901
40350,44.10751254,-0.028812958,0.434896996,422.0517914,528.4567781
40500,44.37915349,-0.00256364,0.579336494,422.0517914,528.1384277
40650,44.60522866,0.022562705,0.523861041,423.1563167,526.8529797
40800,44.67198661,0.039995239,0.380444027,424.5218641,526.7857666
40950,44.57646371,0.037318453,0.361879078,424.5222632,525.9058685
41100,44.44531532,0.028027344,0.310147885,425.5815212,525.4550364
41250,44.44683107,0.038323872,0.386006214,425.5853392,524.5132855
41400,44.57510915,0.063473724,0.487336722,425.5853392,524.4759914
41550,44.68687921,0.072635712,0.564882653,425.6725492,523.1652222
41700,44.71479735,0.052045758,0.765937014,428.1976691,523.1618962
41850,44.61183263,0.007934998,0.885852222,428.1976691,522.1592341
42000,44.40058765,-0.036461128,0.72877608,428.1976691,521.5412101
42150,44.21083126,-0.05929116,0.489121259,428.4524682,520.9069214
42300,44.09018691,-0.064637154,0.42,429.6838448,520.8110692
42450,44.03065382,-0.058118435,0.423514277,430.4418378,519.8843327
42600,44.07747441,-0.04116356,0.532301488,430.7626474,519.1932203
42750,44.30188518,-0.011395692,0.765405724,431.4248344,518.6613159
42900,44.52622723,0.027169157,0.789913812,431.4248344,518.019004
43050,44.63153001,0.052313278,0.712366007,431.4248344,517.3341675
43200,44.60959645,0.048675969,0.71558523,431.9023735,516.8195673
43350,44.43609181,0.003125342,0.886030819,433.3424819,516.4291382
43500,44.19173331,-0.071580628,0.894428066,433.5518997,515.4564472
43650,44.07478126,-0.127298315,0.751739511,433.5518997,515.1096802
43800,44.06643504,-0.132204888,0.733662972,434.1264466,514.2633921
43950,44.06235909,-0.109004932,0.842182503,435.5227223,513.7945557
44100,44.06349372,-0.071716265,0.804408165,435.8168471,513.595915
44250,44.09433197,-0.035048978,0.511523963,435.8168471,512.719042
44400,44.10825113,-0.019651642,0.285194619,436.3804618,512.4838867
44550,44.10427425,-0.024444885,0.200958953,438.0637776,511.6545961
44700,44.08382411,-0.037697694,0.27948833,438.4726468,511.177948
44850,44.0248995,-0.063187029,0.507786344,438.4726468,510.884953
45000,44.00285354,-0.083977865,0.586939045,438.4863427,509.8768921
45150,44.12826132,-0.077308287,0.805555469,440.0322151,509.8377457
45300,44.35213366,-0.040310345,0.984209014,440.9392706,509.2750542
45450,44.56928287,0.006438726,0.98222217,440.9392706,508.5070418
45600,44.63033443,0.027091721,0.87637053,441.0059357,508.0159619
45750,44.4936432,0.005786769,0.928928785,442.1425681,507.202999
45900,44.24769817,-0.046254342,0.888261921,443.2053119,506.7994838
46050,44.09513148,-0.079487843,0.623098558,443.2053119,505.9455477
46200,44.05406195,-0.086984161,0.407311845,443.2076513,505.5939331
46350,44.0978483,-0.073402185,0.33025898,444.3206838,505.5445213
46500,44.11419111,-0.057038727,0.246235133,444.7369169,504.725708
46650,44.12355549,-0.03940885,0.268214702,445.3498362,503.9538347
46800,44.19375388,-0.014323898,0.435008376,446.0719913,503.4521484
46950,44.37261802,0.026938493,0.628230116,446.5645588,503.0827429
47100,44.66480797,0.082046975,0.668482718,446.5645588,502.3704006
47250,44.91202246,0.119382963,0.598029305,447.0096715,501.6186601
47400,44.94569715,0.121412589,0.650490871,448.3230584,501.3285217
47550,44.82349273,0.094291323,0.65895416,448.9665186,501.1267836
47700,44.50503777,0.033505854,0.477331451,449.1551183,500.2341179
47850,44.17368626,-0.028044914,0.274882963,449.3370167,499.2390946
48000,44.03981005,-0.052768908,0.201554606,449.9159502,498.8218994
48150,44.1041408,-0.052978997,0.28005626,450.8561934,498.8124409
48300,44.21739065,-0.049188433,0.297470174,450.8561934,497.9117137
48450,44.37469082,-0.037469678,0.46455928,450.8582799,497.5622012
48600,44.59463882,-0.005065021,0.59999907,451.6445152,496.7407665
48750,44.74914823,0.030759531,0.552153177,451.6646989,496.2841358
48900,44.75973278,0.056723985,0.371567705,453.1144451,495.5080566
49050,44.60545678,0.062993819,0.279396204,454.1389121,495.5068037
49200,44.47908489,0.055853235,0.26,454.1389121,494.2834778
49350,44.51060725,0.054001593,0.26,454.1389121,494.2834778
49500,44.7264745,0.061992696,0.28924468,454.1389121,493.4714848
49650,44.84075372,0.05648221,0.365648559,456.6022661,492.7201111
49800,44.75225532,0.036408388,0.472536238,456.7322734,492.3295775
49950,44.47139715,0.001905987,0.564441279,456.7322734,491.4278564
50100,44.12940912,-0.047354359,0.508181551,457.7407931,491.4278564
50250,44.00737813,-0.080830123,0.349949652,458.0502753,490.8222802
50400,44.12432422,-0.084834195,0.362883451,458.0502753,489.5875992
50550,44.43396759,-0.069063934,0.508584239,458.7783865,489.4189453
50700,44.64716983,-0.030680536,0.548337158,459.1173187,488.9897202
50850,44.6125303,-0.00213582,0.444023019,459.6164138,488.4149068
51000,44.34998651,0.003568362,0.38,460.9885124,487.831433
51150,43.96718617,-0.002798624,0.376088217,461.4979227,487.4313354
51300,43.69224075,-0.026029532,0.308685944,461.4979227,487.0138936
51450,43.67114191,-0.037496566,0.239452604,461.4979227,486.2576294
51600,43.94604653,-0.029568813,0.328773728,462.3569957,486.0329419
51750,44.21855532,-0.009629982,0.462044107,464.0304269,485.3060315
51900,44.28948725,-0.003298876,0.505584736,464.0304269,484.7837746
52050,44.21056523,-0.003427506,0.501175377,464.0304269,484.3050537
52200,44.096929,0.000882621,0.49,464.7179644,484.0348076
52350,44.17780367,0.021290754,0.616096199,466.2181727,483.1528625
52500,44.47962201,0.059088922,0.68,466.2181727,483.0628079
52650,44.7960841,0.081448343,0.69539307,466.3278405,482.0089417
52800,44.89303289,0.063641476,0.997696628,467.3940033,481.9457322
52950,44.65921446,0.000846272,1.235205532,467.5531714,481.1474458
53100,44.23744206,-0.068403652,1.069372359,468.7385829,480.6775046
53250,43.94527833,-0.100351367,0.766972546,469.1429282,479.9644561
53400,43.92436203,-0.085343084,0.746916158,470.8215128,479.7463379
53550,44.20319482,-0.036393221,0.675317526,470.8215128,479.5525232
53700,44.42128915,-0.018679708,0.54,471.6654956,478.8452939
53850,44.48846553,-0.01425916,0.575667025,474.447223,478.3859202
54000,44.49869806,0.003200021,0.820492482,474.8601553,477.4994073
54150,44.52907461,0.041211195,1.035182458,474.8601553,477.1194153
54300,44.6754506,0.101541919,1.001065336,475.2704301,477.0244307
54450,44.85898401,0.152055166,0.590748533,475.8539449,476.4350716
54600,44.88789488,0.153851605,0.485893678,476.4179932,475.6427096
54750,44.76316533,0.114721386,0.627165546,477.0948674,475.1061806
54900,44.48795145,0.060768775,0.653358327,477.6951714,474.4658574
55050,44.18502904,0.004934089,0.598436892,478.1796456,474.1934814
55200,44.03727771,-0.03909725,0.449185567,478.1796456,473.3986999
55350,44.09533733,-0.025336978,0.364161811,478.1796456,473.1185303
55500,44.33830122,-0.03244001,0.460096604,480.2223453,472.4845352
55650,44.62810974,-0.008401568,0.557526597,480.5275739,472.389801
55800,44.8439109,0.032675008,0.493724786,480.5275739,472.1105859
55950,44.90008869,0.06426481,0.326971006,478.2026255,471.3538546
56100,44.8146608,0.031739057,0.240497414,478.1031477,471.3247621
56250,44.68373577,0.015427114,0.275486503,478.29233,470.9870321
56400,44.53066857,0.002433542,0.349128281,478.6814427,470.2923845
56550,44.38460056,-0.007077849,0.438162781,479.1325716,469.4870251
56700,44.27467315,-0.012943246,0.519330031,479.5078024,468.8171594
56850,44.23002772,-0.014998839,0.569370064,479.6692212,468.5289932
57000,44.30130652,0.01431016,0.555672648,480.0871691,468.3614539
57150,44.41143585,0.045115807,0.392474111,481.6804884,467.4550265
57300,44.58451897,0.068909001,0.244536414,482.3481451,466.8033142
57450,44.77980104,0.075630867,0.30113875,482.5491661,466.7029092
57600,44.94876166,0.080589991,0.36,483.5008229,466.0033673
57750,45.01935238,0.099267242,0.353699531,483.5008229,465.6461884
57900,45.0005245,0.106493171,0.314846255,483.5623009,465.1023254
58050,44.85647514,0.087447706,0.480483682,484.9870831,465.0521446
58200,44.60508431,0.032365412,0.813437736,485.6586303,464.4042137
58350,44.3241833,-0.042163426,0.961274378,485.6586303,464.1059875
58500,44.0646345,-0.109082792,0.826768409,485.6586303,463.3274417
58650,43.8709245,-0.137451985,0.711921776,486.3108588,463.1190796
58800,43.84485658,-0.107275982,0.9440931,487.2337042,463.1082967
58950,43.9496778,-0.036173138,1.069998927,487.2337042,462.1433587
59100,44.17363557,0.044108205,0.892536054,487.2337042,461.5438483
59250,44.45649696,0.099274888,0.545685579,488.2503845,461.237131
59400,44.71648178,0.115620385,0.364927542,488.3377447,460.5451277
59550,44.81771404,0.090789464,0.655130744,489.1101218,460.5112305
59700,44.71027767,0.031706999,0.915337988,490.0075239,460.4543151
59850,44.51165343,-0.03336338,0.917577685,490.0075239,459.5587463
60000,44.33763591,-0.078770694,0.677365377,490.0075239,459.5326908
60150,44.31285988,-0.083570672,0.579920404,490.0656159,458.8491264
60300,44.47510759,-0.043611155,0.719785384,490.8858945,458.5402545
60450,44.67355077,0.009719783,0.699714946,490.8858945,457.9684143
60600,44.74592072,0.045191706,0.475849442,490.8858945,457.9401191
60750,44.68722171,0.054699091,0.33,490.922736,456.9434104
60900,44.55464904,0.041485394,0.329931423,491.8356224,456.4028625
61050,44.42494801,0.021156101,0.296401394,491.8566028,456.3965284
61200,44.3266182,-0.00134615,0.274977016,493.286254,455.7577222
61350,44.27105219,-0.019240943,0.274685517,493.6946212,455.4907532
61500,44.22546242,-0.031021161,0.236068358,493.6946212,455.0202339
61650,44.22275688,-0.032,0.23,493.6946212,454.690065
61800,44.25684238,-0.024630348,0.26001707,494.1597578,454.17546
61950,44.33263316,-0.002372432,0.28,495.4396529,453.965271
62100,44.37516343,0.018501084,0.254962119,495.7309374,453.4099646
62250,44.39825378,0.035728913,0.252080725,496.2070055,453.078125
62400,44.44638506,0.050778463,0.298306164,496.5541375,452.5647774
62550,44.54788575,0.062308802,0.33719512,496.5541375,452.2005005
62700,44.64032549,0.064741445,0.36291881,496.7780844,451.9468406
62850,44.64727894,0.059149634,0.414790803,497.5298019,451.4748155
63000,44.52556641,0.033417173,0.530109783,497.7937622,450.9026521
63150,44.31513967,-0.000823324,0.540137242,497.7937622,450.7302551
63300,44.142694,-0.026960793,0.447618802,497.9157085,450.3486914
63450,44.10426089,-0.032240533,0.412545034,499.227512,449.7914007
63600,44.23148279,-0.00399384,0.590677951,499.7315668,449.5116122
63750,44.4801621,0.049058267,0.7195563,499.7315668,449.0340576
63900,44.75330325,0.103954218,0.676792451,499.7315668,448.9001837
64050,44.98578723,0.140867803,0.447907814,500.2854352,448.2001343
64200,45.08759277,0.145960142,0.400405522,503.9554129,448.2001343
64350,45.06673025,0.109427403,0.619644191,503.9554129,448.068317
64500,44.9363056,0.062391835,0.658529737,503.9554129,447.3755798
64650,44.76246964,0.023598111,0.496112952,504.0083045,447.3197689
64800,44.61253756,0.005509844,0.297863867,505.0438729,446.5947158
64950,44.51519307,0.003355164,0.2,506.7709045,445.9901428
65100,44.46432571,0.016918084,0.2,506.7709045,445.9901428
65250,44.4217805,0.026948231,0.176257618,507.3226704,445.3796363
65400,44.38070967,0.028756157,0.153058367,507.3226704,445.1898804
65550,44.36303392,0.022540084,0.287224962,507.3226704,444.6332712
65700,44.36921884,0.008088213,0.319403891,507.6471473,444.6285095
65850,44.4155071,-0.005750088,0.289818993,508.8236516,444.0325058
66000,44.45838297,-0.018988276,0.252520307,508.9522412,443.3362943
66150,44.4423912,-0.034499114,0.258125292,509.392798,443.2905273
66300,44.37828602,-0.048196065,0.26,509.4944454,442.7150544
66450,44.29242227,-0.058269423,0.241283842,509.4944454,442.5197449
66600,44.25827826,-0.062657984,0.195990894,510.470866,442.1320977
66750,44.26542956,-0.063,0.19,511.2279132,441.830836
66900,44.2643573,-0.066593793,0.231780705,511.2806163,441.3204961
67050,44.23188537,-0.076078759,0.26415452,511.2806163,441.2196655
67200,44.21076715,-0.074970189,0.313886896,511.2806163,441.0655681
67350,44.26075404,-0.056623343,0.468573821,512.8456815,440.5040675
67500,44.37367231,-0.021003909,0.55962419,512.9680675,440.4723816
67650,44.46394334,0.019652141,0.465114291,512.9680675,439.7370031
67800,44.47899363,0.052608448,0.252379393,512.9680675,439.7339783
67950,44.41030029,0.066679015,0.170210999,513.3728945,439.1906624
68100,44.30476227,0.041014728,0.214759924,513.3808966,438.9872227
68250,44.20440852,0.0428665,0.508847763,514.8708739,438.48526
68400,44.11496272,-0.003223192,0.67985243,515.6678623,438.4585977
68550,44.06004888,-0.046177721,0.664298231,515.6678623,437.7696533
68700,44.05734928,-0.075893004,0.474393503,515.6678623,437.7550076
68850,44.15210465,-0.077869989,0.376445867,516.0042086,437.1917306
69000,44.2898423,-0.057307184,0.393005812,517.2332668,436.8258797
69150,44.42197063,-0.033608287,0.305074063,517.2332668,436.5570984
69300,44.50046259,-0.011123601,0.24267195,517.2332668,436.4352259
69450,44.52531014,0.009891559,0.292325489,517.8519965,435.9191949
69600,44.55137338,0.034807437,0.357587907,517.9482296,435.8638
69750,44.60327583,0.063136353,0.318317813,514.1202666,435.2045997
69900,44.69398456,0.085484474,0.194429384,513.9709943,435.178894
70050,44.80868272,0.116733819,0.15075216,514.6712626,434.6712611
70200,44.92006537,0.082522856,0.23,514.6712626,434.4942888
70350,45.02205962,0.071313419,0.23,514.6712626,434.0159207
70500,45.06599875,0.061907309,0.179704754,516.538665,434.0148709
70650,45.03798308,-0.009579965,0.120260951,518.2947238,433.355669
70800,44.97241023,0.057261236,0.12,518.3020083,433.3514709
70950,44.89193317,0.065316768,0.120163361,518.3020083,432.8601157
71100,44.84110147,0.072805461,0.151403012,518.2907256,432.6599063
71250,44.84797192,0.078970376,0.162276495,517.9202672,432.2213745
71400,44.85677508,0.076102717,0.222247274,517.9251941,432.2138516
71550,44.80754985,0.060083901,0.326872695,518.0780337,431.9306805
71700,44.71647467,0.03474486,0.410978261,518.1702148,431.489067
71850,44.54948605,-0.002405292,0.437814865,518.1702148,431.0571364
72000,44.369863,-0.040534644,0.408577803,518.4200312,430.8044908
72150,44.24305122,-0.070381167,0.347587176,519.821893,430.4810791
72300,44.20448273,-0.088246548,0.267764596,520.1232496,430.2445236
72450,44.26174999,-0.087229397,0.288836923,520.1232496,429.8581848
72600,44.50317677,-0.0587933,0.481214671,520.3567755,429.6629742
72750,44.80288273,-0.013223352,0.594690661,520.6680141,429.4028015
72900,45.07421201,0.03759558,0.559155821,521.2386804,429.0400139
73050,45.23896539,0.081106915,0.379220089,521.6292994,428.791687
73200,45.25793013,0.105483819,0.219053565,521.8410754,428.5072455
73350,45.20901868,0.108,0.215962641,521.9295018,428.2079634
73500,45.11328535,0.098063282,0.310644729,521.9295018,428.1877441
73650,44.9708044,0.072183106,0.386983524,522.6517554,427.8163575
73800,44.80704969,0.04382289,0.375861391,523.6990972,427.6257296
73950,44.65346606,0.019271577,0.288718419,523.7520194,427.1818316
74100,44.56998234,0.004547229,0.196042846,523.7520194,427.1507874
74250,44.59082489,0.001024036,0.140501999,523.7520194,426.5748677
74400,44.70789737,0.00845794,0.186997409,523.9656216,426.5648499
74550,44.89706654,0.027338197,0.267903308,524.9284453,426.1394249
74700,45.08612252,0.051035806,0.319663985,524.930824,425.9592182
74850,45.22032102,0.075058763,0.281600008,525.0854636,425.5559387
75000,45.25882595,0.095295709,0.174112647,527.9856084,425.5013383
75150,45.18138577,0.116352975,0.111699247,527.9099249,424.9870911
75300,45.06111805,0.148097864,0.103956222,527.4095723,424.8845081
75450,44.95031421,0.103211545,0.163494553,527.2849546,424.4245605
75600,44.88474101,0.089775033,0.311659382,527.2849546,424.3422851
75750,44.85559478,0.06265835,0.446065271,527.2849546,423.9625262
75900,44.84656189,0.029576924,0.485587197,527.487478,423.7764028
76050,44.84588392,0.001938463,0.405090318,528.5860368,423.4519043
76200,44.86974197,-0.01320476,0.278886317,528.5860368,423.3768086
76350,44.91579639,-0.019323386,0.214455042,528.5860368,422.9868849
76500,44.95336871,-0.027145546,0.232858614,528.6999407,422.7100049
76650,44.96216596,-0.039090861,0.361566337,528.8680279,422.4943848
76800,44.95118502,-0.058562886,0.377820268,529.098612,422.3027721
76950,44.92307681,-0.076756817,0.362867665,530.0607475,421.9567261
77100,44.86319444,-0.092203884,0.344904315,530.4004512,421.7695244
77250,44.80990322,-0.096,0.324013394,530.4004512,421.4423199
77400,44.77535036,-0.089028383,0.335254915,530.4004512,421.4246521
77550,44.75685662,-0.070900803,0.387865208,530.913,421.1169327
77700,44.78885755,-0.037752441,0.448416905,532.2812022,420.5435159
77850,44.8653007,0.006389823,0.498766698,532.4011687,420.4988708
78000,44.9590443,0.054213931,0.491594468,532.4011687,420.4988708
78150,45.06440421,0.091646338,0.415218899,532.7615718,419.98596
78300,45.18421473,0.106981054,0.3302557,532.767845,419.9788503
78450,45.29797708,0.099242849,0.408318572,533.6950355,419.5900859
78600,45.32994966,0.071091192,0.499789349,536.2850328,419.4733715
78750,45.22827553,0.036438773,0.441722007,536.2921619,419.0756531
78900,44.9833939,0.002837193,0.350177815,536.2921619,419.0487317
79050,44.66457667,-0.023269736,0.321152574,536.8064656,418.655303
79200,44.38758072,-0.038776989,0.33,541.7865888,418.4876724
79350,44.24060488,-0.049578985,0.326638633,542.4704881,418.1828308
79500,44.2051121,-0.059133698,0.331613668,542.4704881,417.9846258
79650,44.19113227,-0.076009689,0.44134637,542.7510343,417.6842651
79800,44.12859731,-0.110542013,0.602839893,543.1064711,417.4583748
79950,44.08950186,-0.149459491,0.612839908,543.6064872,417.190033
80100,44.15237074,-0.159456298,0.603942686,544.2110684,417.007407
80250,44.44661542,-0.138899626,0.793109546,544.7895666,416.7491176
80400,44.86270753,-0.083218468,0.866714314,545.1812515,416.4545933
80550,45.25709539,-0.021995895,0.729784308,545.1812515,416.3218384
80700,45.51173271,0.020304299,0.361750168,546.1622391,416.2690325
80850,45.57636708,0.034002793,0.236791017,547.6990232,415.926023
81000,45.57265605,0.026829973,0.289742021,547.8891887,415.8380127
81150,45.58181164,0.002432062,0.407288406,547.8891887,415.3986244
81300,45.64339387,-0.024210746,0.455174141,547.8891887,415.3579712
81450,45.72460533,-0.034917187,0.503248433,550.4317935,415.0030251
81600,45.76698855,0.002283148,1.032645938,550.4771118,414.8835796
81750,45.73751816,0.097790441,1.626597508,550.4771118,414.5109994
81900,45.60422098,0.239014038,1.839782027,550.4775832,414.5101352
82050,45.35527229,0.374943863,1.547453968,550.7695462,414.0396423
82200,45.04164172,0.474507909,0.902973914,550.821098,414.0285991
82350,44.70941514,0.519028452,0.376859301,552.8917428,413.6506121
82500,44.4422409,0.525881847,0.240724322,553.6713382,413.4950828
82650,44.33604017,0.530692811,0.271870099,553.6713382,413.1657843
82800,44.38772666,0.553345383,0.436202425,553.6713382,413.1062927
82950,44.60662585,0.58427147,0.528004626,554.5694577,412.9907696
83100,44.83543138,0.590013205,0.725142569,556.5041631,412.7419128
83250,44.95506766,0.532076385,1.571938194,556.5041631,412.4705472
83400,44.93746292,0.392753502,2.28545841,556.5041631,412.2809448
83550,44.84007743,0.214864086,2.291045399,557.0220842,411.9691997
83700,44.77341275,0.043073076,1.724032375,558.4009055,411.8223877
83850,44.78206538,-0.068780205,0.875459544,558.7207402,411.5869729
84000,44.85290884,-0.096687289,0.236287159,558.7207402,411.4019385
84150,44.99504109,-0.11360183,0.196820656,559.3521261,411.0991554
84300,45.20520019,-0.114689499,0.228644187,559.6129309,411.0065308
84450,45.41099171,-0.110229174,0.223033707,559.8616503,410.6908707
84600,45.55812454,-0.100733543,0.246716791,560.5025042,410.5534058
84750,45.58534415,-0.078605768,0.376209059,560.6993945,410.3725524
84900,45.53662664,-0.04205732,0.547186274,560.6993945,410.1456256
85050,45.43526884,0.005685445,0.606777175,560.6993945,409.8416876
85200,45.40504247,0.063657875,0.591760814,561.2744003,409.7449951
85350,45.44514905,0.115167062,0.496188329,561.3143918,409.368253
85500,45.54129939,0.153970203,0.382804989,561.7852253,409.2183683
85650,45.70499502,0.187802375,0.258170976,561.8359089,408.9401245
85800,45.82133591,0.204109217,0.238580295,562.5352502,408.9299722
85950,45.71042599,0.186843612,0.392845948,563.0024814,408.7544138
86100,45.46542918,0.149260818,0.690408897,563.4269959,408.4396381
86250,45.09634951,0.093583938,1.065660032,563.7731271,408.0888567
86400,44.61319099,0.022036073,1.452990244,564.0052083,407.8052813
86550,44.02484656,-0.063295542,1.787046937,564.0876247,407.6920471
86700,42.73610261,-0.235455306,1.879978649,562.9634633,407.616992
86850,41.65580439,-0.380209071,1.281415345,559.4941248,407.3084471
87000,40.96776283,-0.465859769,0.681930906,559.3620091,407.1274915
87150,40.66549242,-0.528653309,0.272011652,559.1212542,406.8926086
87300,40.54015393,-0.565900674,0.175167828,559.4514045,406.783199
87450,40.3835521,-0.542591993,0.281354454,559.4514045,406.4477234
87600,40.28178924,-0.555120862,0.447403839,559.4514045,406.3748304
87750,40.34557381,-0.54482517,0.655150638,559.4558164,406.0093606
87900,40.64190664,-0.507840508,0.721298174,559.5171512,405.7915097
88050,41.17521054,-0.44347948,0.776240851,559.6432317,405.6101707
88200,41.88253126,-0.358279408,0.820681455,559.8245306,405.4537517
88350,42.70091452,-0.258777609,0.85532277,560.0515208,405.310661
88500,43.56740608,-0.151511405,0.880867583,560.3146751,405.1693065
88650,44.41905166,-0.043018115,0.898018678,560.6044662,405.0180966
88800,45.19289701,0.060164941,0.907478842,560.9113671,404.8454394
88950,45.83194699,0.152560613,0.90734331,561.2292946,404.6389466
89100,46.42320139,0.251300807,0.807831191,561.696904,404.3689006
89250,46.45393991,0.256733047,0.800499843,562.1097849,404.1167915
89400,46.44536634,0.255610193,0.802532564,562.5026113,403.8634326
89550,46.43027357,0.253608432,0.806010385,562.8829796,403.6070622
89700,46.40881968,0.250725798,0.810805075,563.2520284,403.3483949
89850,46.38116272,0.246960326,0.816788403,563.6108967,403.0881453
90000,46.34746076,0.242310051,0.823832137,563.9607233,402.8270278
90150,46.30787187,0.236773008,0.831808044,564.3026469,402.5657572
90300,46.26255409,0.230347232,0.840587894,564.6378065,402.305048
90450,46.21166551,0.223030757,0.850043455,564.9673409,402.0456147
90600,46.15536418,0.21482162,0.860046494,565.2923888,401.788172
90750,46.09380816,0.205717854,0.870468781,565.6140891,401.5334344
90900,46.02715553,0.195717495,0.881182084,565.9335807,401.2821166
91050,45.95556433,0.184818577,0.89205817,566.2520024,401.034933
91200,45.87919263,0.173019136,0.902968809,566.5704929,400.7925982
91350,45.7981985,0.160317206,0.913785768,566.8901911,400.5558269
91500,45.71274,0.146710823,0.924380816,567.2122359,400.3253336
91650,45.62297519,0.13219802,0.934625721,567.5377661,400.1018329
91800,45.52906214,0.116776834,0.944392252,567.8679204,399.8860394
91950,45.43115891,0.100445298,0.953552177,568.2038378,399.6786677
92100,45.32942356,0.083201449,0.961977263,568.546657,399.4804322
92250,45.22401415,0.06504332,0.969539281,568.8975169,399.2920477
92400,45.11508875,0.045968948,0.976109997,569.2575563,399.1142287
92550,45.00280542,0.025976366,0.98156118,569.627914,398.9476897
92700,44.88732223,0.005063609,0.985764598,570.0097289,398.7931454
92850,44.76879723,-0.016771287,0.98859202,570.4041398,398.6513103
93000,44.64738849,-0.039530288,0.989915215,570.8122854,398.522899
93150,44.47192964,-0.087370017,0.878828793,571.3350191,398.4288088
93300,44.29210525,-0.092867427,0.986563373,571.4505476,398.0997354
93450,44.12450009,-0.043097041,1.366565116,571.4505476,398.0108032
93600,43.89998651,0.048472452,1.350421463,571.9082121,397.69463
93750,43.62282401,0.136707159,0.952486171,572.8955487,397.5331726
93900,43.41312879,0.193590284,0.530886187,573.0874337,397.3229785
94050,43.43191957,0.238006282,0.605940305,573.0874337,397.095241
94200,43.68620284,0.283975567,0.840394204,573.4921432,396.7747268
94350,44.04812733,0.329292725,0.796431868,574.2839112,396.6712341
94500,44.29457407,0.349342178,0.630350409,574.4241094,396.3276079
94650,44.3193424,0.345992112,0.593847568,574.4241094,396.1825867
94800,44.20189264,0.328893905,0.524651447,574.938663,395.9128403
94950,44.02010592,0.329376037,0.481090463,575.0913099,395.7166905
95100,44.0490067,0.358684355,0.58071502,575.6725166,395.3199231
95250,44.35500091,0.418795761,0.716410729,575.707238,395.3012695
95400,44.83525449,0.469451568,0.670338332,576.4773947,394.8032585
95550,45.20616832,0.474971904,0.687397645,576.4826416,394.7998657
95700,45.33048786,0.429671142,1.047800115,576.4826416,394.4188027
95850,45.20364633,0.336339419,1.447515966,576.9515967,394.3029393
96000,44.85848518,0.211162822,1.422835006,577.7305074,393.8987847
96150,44.6322275,0.128623738,1.021778022,577.7345823,393.8936072
96300,44.47382242,0.079087312,0.57210902,577.7345823,393.7053723
96450,44.35939348,0.059220108,0.300796294,577.7805894,393.3375341
96600,44.20565744,0.049932241,0.581576786,578.3850718,393.0930337
96750,43.89052361,0.000304202,0.881607513,578.8200537,392.8586121
96900,43.55253516,-0.063243283,0.935840622,578.9204546,392.692083
97050,43.33960585,-0.099622556,0.799147474,579.0382263,392.3651142
97200,43.32120675,-0.097839977,0.842329469,579.0382263,392.3306885
97350,43.54625615,-0.048306003,0.82710111,579.1436863,392.1348708
97500,44.02015587,0.043508063,0.768420769,579.4139367,391.6330713
97650,44.54172841,0.145177748,0.710650903,579.6799939,391.1390577
97800,44.91536551,0.224549938,0.699587867,579.7751009,390.9624634
97950,44.96834296,0.266479611,0.68047129,580.1215623,390.9624634
98100,44.62273571,0.260530317,0.770490124,580.2407066,390.4439325
98250,43.95844658,0.225285396,0.899376882,580.2407066,390.4120483
98400,43.14664742,0.172966802,0.760588545,584.9327158,390.0136102
98550,42.49435877,0.126768793,0.452275513,586.1910401,389.8562057
98700,42.10261961,0.094340756,0.400140983,586.204085,389.8543396
98850,41.95070056,0.071820994,0.499911112,586.204085,389.289032
99000,41.94036322,0.05399346,0.484638848,586.4209398,389.2188325
99150,42.04785815,0.04644576,0.473521118,587.5500133,388.8533325
99300,42.29107714,0.047179978,0.547575506,587.5500133,388.6284303
99450,42.43174766,0.033717815,0.81881819,587.5500133,388.2747498
99600,42.36245183,-0.014748486,1.069206874,587.6598194,388.0087526
99750,41.92949124,-0.07366361,1.014792048,588.5074774,387.6878662
99900,41.41982513,-0.086844395,0.967849423,588.9841165,387.5277303
100050,41.10363367,-0.046419994,1.27068479,588.9841165,387.1718193
100200,41.07639266,0.058140336,1.416297569,589.3596269,386.8762559
100350,41.2745885,0.176106125,1.238719676,589.9163962,386.6366882
100500,41.65890234,0.269657196,0.850163166,590.2259299,386.4138197
100650,42.14130074,0.310573899,0.566771384,591.2120214,386.0261841
100800,42.66636541,0.310212566,0.580193395,591.5243022,385.950136
100950,43.10540466,0.245137539,1.107153908,591.5243022,385.5115447
101100,43.39422869,0.151495785,1.305639393,591.5243022,385.3200739
101250,43.50243999,0.074387367,1.057864706,591.5595925,384.9348145
101400,43.43718322,0.039385968,0.666341998,591.878594,384.7563367
101550,43.38902489,0.040175682,0.461745235,591.878594,384.4598389
101700,43.42432685,0.067016809,0.34915354,593.6147814,383.8169556
101850,43.49730068,0.076682335,0.297539208,594.3038229,383.7716199
102000,43.55718125,0.048434859,0.575284696,594.3038229,383.331604
102150,43.4865166,0.006433292,0.73,594.305151,383.3299207
102300,43.2230746,-0.051314564,0.73,594.8172777,382.6808405
102450,42.91311133,-0.111293049,0.624132996,594.824809,382.6712952
102600,42.63014861,-0.165685141,0.561578727,595.7204452,382.1900001
102750,42.3907521,-0.210520161,0.537850857,596.00337,381.9857384
102900,42.17414115,-0.234989789,0.430067672,596.00337,381.4965515
103050,41.99536812,-0.231164947,0.456749382,596.00337,381.4824512
103200,41.91417877,-0.186041504,0.740147706,596.0247736,380.8066101
103350,41.90154018,-0.122322181,0.836210767,596.7074702,380.7756842
103500,41.90956816,-0.065324699,0.689565333,597.8498129,380.2913513
103650,41.89487971,-0.030785601,0.44127784,597.8498129,380.2119067
103800,41.81963534,-0.021521166,0.318484925,597.9539122,379.5818176
103950,41.73035632,-0.029681887,0.278697127,598.3151867,379.3886513
104100,41.71296431,-0.043127588,0.21991957,598.3151867,378.9605045
104250,41.76751378,-0.053605748,0.205048286,599.2036502,378.5555385
104400,41.87787439,-0.053357982,0.188863857,600.0751178,378.3243408
104550,41.98316992,-0.053345628,0.232207362,600.0751178,378.0450817
104700,42.04999585,-0.053216625,0.288114426,600.0751178,377.6698788
104850,42.09875692,-0.047752311,0.276790099,600.1926056,377.214528
105000,42.13689579,-0.039882207,0.228388637,600.2662016,377.0328064
105150,42.0871524,-0.042891836,0.210306788,601.1745798,376.316799
105300,41.8488992,-0.056006395,0.400071969,601.2362504,376.2681883
105450,41.52524052,-0.08254412,0.58532742,600.8174813,375.69024
105600,41.10450376,-0.122872458,0.647859246,600.8174813,375.3979463
105750,40.74439113,-0.166519433,0.575338,600.8174813,374.918457
105900,40.60183099,-0.20050639,0.45137319,601.0418052,374.7918821
106050,40.6364079,-0.217148487,0.397992265,601.6857185,374.2426574
106200,40.8620805,-0.216979238,0.425786616,601.6857185,373.8544853
106350,41.20504337,-0.193361325,0.642913292,601.8640033,373.5309143
106500,41.57969301,-0.142287615,0.846272552,602.1802316,373.2435423
106650,41.92854287,-0.077756366,0.857582163,602.1802316,372.7052002
106800,42.23662147,-0.010253409,0.65739704,602.4390812,372.568214
106950,42.48107335,0.049451361,0.571749612,603.9147158,372.008352
107100,42.66660576,0.099318112,0.590716561,604.4239513,371.6407356
107250,42.79652052,0.139804118,0.592013882,604.4239513,371.2532654
107400,42.85504038,0.166697471,0.482022414,604.5481194,371.0658443
107550,42.876666,0.183162549,0.41,604.9979246,370.3869019
107700,42.91876064,0.19078875,0.41,605.2265406,370.2304962
107850,42.93785959,0.193892339,0.360452656,605.9146899,369.7597046
108000,42.92300562,0.17806459,0.429930148,605.8614685,369.0209258
108150,42.81177382,0.144883521,0.589946384,605.8503581,368.8643881
108300,42.56030033,0.101880635,0.549669725,605.8468946,368.2229919
108450,42.31747291,0.065819227,0.419095682,605.7790324,368.2228891
108600,42.08767551,0.043091449,0.258042469,605.7790324,367.3100814
108750,41.95940128,0.027,0.139361087,606.9930347,367.300574
108900,41.93303078,0.027003341,0.130027503,606.9929745,366.6352472
109050,42.00565136,0.033591411,0.185256991,606.9233599,366.3230137
109200,42.15230591,0.041234318,0.251292893,606.9233599,365.6925049
109350,42.29404526,0.055847166,0.299790372,606.9233599,365.6925049
109500,42.34796322,0.067123229,0.31,607.5577167,364.7258301
109650,42.32683345,0.068999536,0.310001836,608.8451878,364.7257971
109800,42.23354334,0.059661844,0.339473345,608.8451878,364.0777456
109950,42.13520341,0.054007077,0.330024208,608.8451878,363.7536995
110100,42.07471362,0.05871812,0.335763197,610.0287068,363.0386963
110250,42.07449273,0.075811465,0.350921469,610.4275339,362.8907337
110400,42.077,0.096480501,0.265406692,610.6095872,362.1300236
110550,42.05213846,0.105193464,0.197297896,610.6095872,362.0234985
110700,41.99317362,0.101006975,0.225577513,610.7911648,361.2877797
110850,41.95107775,0.090011948,0.24,610.8647732,360.9895325
111000,41.96155673,0.084396453,0.231743812,611.5766605,360.4467695
111150,42.0417654,0.08910962,0.27830584,611.8097056,360.0394883
111300,42.18874312,0.099929217,0.29,611.8156106,359.3478739
111450,42.30321676,0.10632808,0.274536086,611.8156106,358.9751288
111600,42.30182026,0.104427323,0.27717402,611.8156106,358.2831331
111750,42.2038806,0.095687912,0.275726576,612.6541711,358.1028748
111900,42.01029429,0.082231969,0.230535815,613.0400127,357.6071296
112050,41.81874028,0.07130693,0.190096477,613.0400127,357.1125006
112200,41.72528454,0.056171561,0.133321124,613.2685366,356.392588
112350,41.70575259,0.056972491,0.127944983,613.3554744,356.2150879
112500,41.68753227,0.056105331,0.120526654,613.3554744,355.5245605
112650,41.64040988,0.056428677,0.12,613.5634611,354.8877866
112800,41.58647033,0.055114074,0.123143339,614.8110213,354.2718201
112950,41.55372754,0.053126277,0.149613417,614.8110213,353.8652138
113100,41.57365794,0.059798461,0.16,614.8110213,353.2598983
113250,41.63356916,0.06851572,0.15408573,614.8881382,352.4370456
113400,41.69667694,0.076356661,0.139008553,614.9124355,352.2728577
113550,41.67479009,0.078695197,0.137459471,614.9124355,351.9300892
113700,41.62489676,0.075281785,0.163144027,615.0647545,351.1599606
113850,41.59533022,0.062592966,0.195933882,615.8707639,350.6790986
114000,41.58538507,0.052084611,0.20860368,616.2930499,350.1210447
114150,41.60344613,0.046086874,0.155590753,616.2930499,349.183894
114300,41.62591651,0.057854411,0.199302615,616.728979,348.9729004
114450,41.63916497,0.080578525,0.267059479,616.9899421,348.3401194
114600,41.66133942,0.095670422,0.237423915,617.2510904,347.7065125
114750,41.68927156,0.1229337,0.160223304,617.2510904,347.3300608
114900,41.68875022,0.134623572,0.136682168,617.2964334,346.5770042
115050,41.61874333,0.12426879,0.182929776,617.6121686,346.2030205
115200,41.50388043,0.107467164,0.245849394,618.0479927,345.8845241
115350,41.37284588,0.088660451,0.292759793,618.3874306,345.4358146
115500,41.22407026,0.068559122,0.247223042,618.4653715,344.3589436
115650,41.18363862,0.06225418,0.21,618.5028612,343.3404863
115800,41.18774753,0.061293154,0.21,618.5795116,342.8307378
115950,41.19605512,0.060641515,0.21,618.7022589,342.4794074
116100,41.20901486,0.060244992,0.21,618.8802354,342.148502
116250,41.2270802,0.06004931,0.21,619.1225735,341.7000288
116400,41.25178546,0.061473234,0.211506118,619.4506311,340.9802872
116550,41.31298707,0.115033744,0.279810131,620.0032022,340.1011658
116700,41.31026278,0.115568467,0.303653946,620.0780455,339.5312792
116850,41.25641786,0.109358194,0.382801126,620.1884143,338.6908875
117000,41.1429642,0.085824879,0.396932048,620.1884143,338.2307163
117150,41.03317446,0.101807825,0.288396232,620.5456106,337.3868139
117300,41.01445744,0.089745603,0.265343641,621.2106782,337.2587585
117450,41.04436571,0.080800061,0.296403309,621.2995342,336.6256782
117600,41.09689312,0.100336045,0.264696267,621.2995342,335.9675425
117750,41.10492305,0.099539948,0.175194477,621.407934,334.9520539
117900,41.08678328,0.064178485,0.141769691,621.4316387,334.8049316
118050,41.05775013,0.124558296,0.145944516,621.7951236,333.5333756
118200,40.99794406,0.057585392,0.237019117,621.8576084,333.3147888
118350,40.79678982,0.071020507,0.598043005,622.2576461,332.4162926
118500,40.43875788,0.030327396,0.815452859,622.2793899,331.8777361
118650,40.11742694,-0.011963595,0.752466082,622.2793899,330.97706
118800,40.05809208,-0.046889788,0.58072375,622.6834677,329.7329852
118950,40.23649696,-0.008020185,0.641965871,623.0860589,329.7230701
119100,40.60240712,0.038878963,0.665834289,623.0860589,328.5983464
119250,40.91454386,0.081787559,0.455712642,623.1000947,328.1661682
119400,40.98964248,0.096696472,0.30360416,623.1478294,327.7661609
119550,40.89480238,0.091501208,0.310429905,623.1478294,326.8340873
119700,40.7390077,0.073273417,0.31521184,623.1954909,326.1598319
119850,40.6229546,0.056994555,0.255317089,623.4967133,324.9057275
120000,40.56418078,0.056244967,0.16332512,623.6579458,324.4293518
120150,40.53884721,0.06,0.12,623.6579458,323.6315456
120300,40.54156739,0.059492675,0.15043952,623.9545458,322.7954407
120450,40.56403347,0.061988349,0.18,624.2425806,322.275251
120600,40.58417725,0.066595119,0.18,624.2425806,321.2074677
120750,40.59180297,0.067957332,0.170752621,624.6861305,321.1397705
120900,40.56420529,0.066443176,0.17,625.1000294,320.2050153
121050,40.52109751,0.063329045,0.17,625.1162373,319.5722393
121200,40.50502448,0.062012566,0.17,625.1162373,318.3368835
121350,40.51268192,0.064529464,0.17,625.0955295,318.1356872
121500,40.5407493,0.068732156,0.17,625.0984952,316.6242065
121650,40.56906685,0.077655749,0.174147842,625.6196322,316.2906397
121800,40.57144369,0.086164714,0.19621553,625.739003,315.4802856
121950,40.52775164,0.089492032,0.220925307,626.0738753,315.0627271
122100,40.44633062,0.089281576,0.261701167,626.0738753,313.7325745
122250,40.35518235,0.081219953,0.288344086,626.1585638,313.605966
122400,40.28451353,0.072859772,0.260479331,626.8464393,312.383966
122550,40.23780006,0.069,0.221516463,626.9431565,311.6483679
122700,40.2195963,0.070014167,0.191670895,626.9431565,310.7882385
122850,40.22014319,0.072051649,0.154855991,626.9322167,310.4368421
123000,40.22443369,0.066620188,0.127749964,626.8870075,308.9846802
123150,40.16611474,0.072201004,0.201850824,626.8870075,308.5523925
123300,40.04248186,0.056859565,0.279722688,627.4573957,307.7919617
123450,39.92362661,0.048714859,0.305376884,628.6147055,307.2225295
123600,39.8669608,0.051783344,0.338110029,628.7363141,306.1686803
123750,39.84732711,0.059076772,0.369470657,628.7363141,304.7880359
123900,39.88097412,0.070237991,0.318860694,628.7368401,304.7427292
124050,39.94699113,0.082638582,0.262312862,629.2673097,302.9191907
124200,39.95378747,0.083957255,0.250471555,629.2807241,302.8730774
124350,39.95063928,0.081837411,0.25,629.9057734,301.9707582
124500,39.925161,0.07591596,0.258102885,630.1275176,299.838688
124650,39.87243799,0.071096907,0.269584683,630.1312894,299.7421265
124800,39.84381923,0.076739659,0.241050285,630.1312894,299.6392631
124950,39.839,0.066112807,0.248669685,630.1935772,298.2663607
125100,39.85070165,0.070069283,0.226884431,631.3052245,297.173075
125250,39.90475337,0.082769116,0.202388507,632.0505371,296.5623169
125400,39.90157066,0.086788235,0.207963319,632.0505371,295.4095709
125550,39.83476756,0.086425797,0.242106713,632.2753289,294.6047974
125700,39.72535586,0.08215022,0.294823274,632.5085192,294.2474298
125850,39.60047989,0.072820737,0.317847165,632.7292373,293.0709302
126000,39.49494021,0.069,0.306366755,633.7898616,292.1050774
126150,39.44727752,0.070014893,0.297029091,634.1417136,291.3452148
126300,39.43668779,0.076304526,0.273933525,634.1417136,290.6051254
126450,39.43694197,0.083347229,0.217696614,634.1417136,289.3363647
126600,39.46595521,0.097328863,0.175161392,634.3382105,288.376573
126750,39.46296149,0.089890081,0.231564818,634.4072211,288.0394897
126900,39.42793225,0.078691701,0.308876,635.4226663,286.2066513
127050,39.39481413,0.070475021,0.355126125,635.5671555,285.9996338
127200,39.31664191,0.07,0.368902621,635.5681749,284.7108397
127350,39.20362408,0.076597606,0.409257307,635.5681749,284.6887512
127500,39.12259182,0.096990623,0.419542215,635.568931,282.6185608
127650,39.08601172,0.118208637,0.307598739,635.871558,282.6143801
127800,39.09433294,0.122962408,0.230303769,637.2370534,280.5299683
127950,39.10182402,0.115748026,0.259351959,637.2370534,280.362184
128100,39.13378375,0.093479952,0.224372608,637.3686039,279.194397
128250,39.13515358,0.092723109,0.206119826,637.5209461,278.8494246
128400,39.09715441,0.110476929,0.20456,637.5209461,277.7479032
128550,39.0341492,0.124704761,0.204382475,638.2176,276.4507163
128700,38.94864966,0.124049637,0.288066618,639.1723364,275.3602219
128850,38.87162624,0.097007125,0.406999293,639.1723364,274.1048579
129000,38.86649374,0.08792085,0.477067181,639.1723364,273.5821533
129150,38.91563282,0.097535906,0.60097891,639.3658421,272.0938835
129300,38.96132035,0.111940556,0.67981005,640.3210598,271.4187012
129450,38.98531269,0.11747607,0.703037281,640.4759656,271.4187012
129600,38.94840124,0.129282396,0.859722174,640.4759656,270.2312285
129750,38.85168564,0.171251164,1.441422226,641.3288683,269.3362335
129900,38.77593924,0.221111217,1.809999583,641.3532003,267.8574524
130050,38.767,0.241999027,1.8,641.3532003,267.8574524
130200,38.78093486,0.251991754,1.8,642.5557179,265.6537385
130350,38.78190934,0.207029089,1.564747769,643.1326869,265.6376874
130500,38.76800588,0.136126861,0.894396154,643.1326869,264.1992411
130650,38.74042973,0.118652928,0.370902307,643.1326869,263.202475
130800,38.69212631,0.134615237,0.290386,643.2518297,262.0260315
130950,38.62057508,0.150881153,0.316343946,644.5045665,261.6670033
131100,38.54725775,0.163528395,0.41279435,644.5045665,259.7777405
131250,38.46872427,0.169566401,0.43,644.6292665,259.4275585
131400,38.40507636,0.17000609,0.433371093,644.9043491,258.0249233
131550,38.36205058,0.161705172,0.42715749,644.9043491,256.8351799
131700,38.34691376,0.143459777,0.34759593,645.2910601,256.0941772
131850,38.35731864,0.12263271,0.302519432,646.082192,254.8455329
132000,38.41060122,0.11385101,0.314080831,646.1596965,253.8070526
132150,38.47167616,0.115889198,0.348957029,646.1596965,253.8070526
132300,38.47437713,0.12123996,0.393476854,646.1596965,252.0159239
132450,38.40863328,0.130015222,0.370496008,647.2283791,251.5058594
132600,38.26763631,0.141379899,0.306038719,647.3626144,250.2771009
132750,38.10227783,0.142997698,0.281250298,647.3626144,249.23521
132900,37.98681381,0.134109208,0.210714386,647.3626144,247.7579903
133050,38.00204327,0.137008669,0.239999332,647.9859425,247.7451016
133200,38.08265888,0.159954662,0.140214773,648.9311,245.4138008
133350,38.16675665,0.157,0.14062998,648.9325719,245.3859479
133500,38.21289651,0.157064045,0.222404661,648.9353055,243.059845
133650,38.18439896,0.168412624,0.249304709,649.2271485,243.003274
133800,38.10308815,0.178449615,0.227070847,649.2271485,241.462235
133950,38.04331766,0.191735534,0.210338758,649.3205523,240.4403758
134100,38.03413693,0.205879591,0.221984891,650.4273311,239.2304993
134250,38.04035679,0.212912385,0.308039146,650.4273311,239.210723
134400,37.94753304,0.196088586,0.539692991,650.4273311,237.2299387
134550,37.85484173,0.164798621,0.678474306,650.8506484,236.8504181
134700,37.80893668,0.138974612,0.630000028,650.8726301,235.37677
134850,37.681326,0.112718524,0.659944499,650.8726301,235.37677
135000,37.14032657,0.053521759,1.330936799,651.7641337,233.2658275
135150,36.56842985,0.00050569,1.720952266,652.1448686,231.6250938
135300,36.48451303,0.001512442,1.797473441,652.1674645,231.5005951
135450,36.53146391,0.005165194,1.786449719,652.1674645,229.3181107
135600,36.8586308,0.026620624,1.633048177,652.1674645,229.0859528
135750,37.52072945,0.074039656,1.089527667,652.8595568,228.2715824
135900,37.72361486,0.063060878,0.805548308,652.8809933,226.7064371
136050,37.53377726,0.043594635,0.807596275,652.8809933,226.6618347
136200,37.29768536,0.091944226,1.257507293,652.8809933,224.2418087
136350,37.08527964,0.137845188,1.459873872,654.7424189,224.228775
136500,36.96441213,0.140994274,1.405592394,654.7448048,222.6504239
136650,36.95525279,0.139446809,1.328880539,654.7618983,221.661152
136800,37.04071038,0.108010487,1.077175881,655.4178106,220.2881165
136950,37.12296979,0.073145261,0.752611876,655.4206545,220.2826444
137100,37.1917535,0.083486688,0.909177,655.5911275,219.9170897
137250,37.25709328,0.110467214,1.215611106,655.9247827,219.0467869
137400,37.30947856,0.154525639,1.542743736,656.280975,217.7672557
137550,37.33939875,0.216100763,1.76140443,656.5190597,216.1740156
137700,37.21465132,0.348994802,1.695248558,656.5502945,213.788238
137850,37.12181994,0.346087482,1.595086132,656.6053421,212.0959232
138000,37.04252133,0.338236371,1.511623117,656.7527437,210.6111667
138150,36.97517167,0.326027873,1.442373139,656.9795935,209.3085702
138300,36.91818713,0.310048396,1.384849824,657.2729862,208.1627357
138450,36.86998391,0.290884346,1.336566798,657.6200162,207.1482651
138600,36.82897819,0.269122129,1.295037689,658.0077778,206.2397602
138750,36.79358615,0.245348151,1.257776122,658.4233655,205.4118228
138900,36.76222396,0.22014882,1.222295724,658.8538738,204.6390549
139050,36.73330782,0.19411054,1.186110121,659.2863971,203.8960582
139200,36.70525391,0.167819718,1.146732939,659.7080298,203.1574347
139350,36.67647841,0.141862761,1.101677806,660.1058665,202.3977863
139500,36.6453975,0.116826075,1.048458346,660.4670015,201.5917146
139650,36.61042737,0.093296066,0.984588187,660.7785293,200.7138218
139800,36.5699842,0.071859141,0.907580956,661.0275443,199.7387095
139950,36.52248417,0.053101705,0.814950277,661.2011409,198.6409797
140100,36.46634346,0.037610166,0.704209778,661.2864137,197.3952342
140250,36.39464102,0.025014984,0.460074904,661.293006,195.7635694
140400,36.27931669,0.047774168,0.360033288,661.6750355,194.7018243
140550,36.16460629,0.118437253,0.332252817,661.7618879,193.1358138
140700,36.10601436,0.088157149,0.353517622,661.7618879,192.9050598
