distance,surface,bed
0,2022.960324,800.0003235
50,2022.849258,802.5036021
100,2022.709951,804.7861699
150,2022.545796,806.7389247
200,2022.290645,808.3103492
250,2021.957014,809.5028093
300,2021.554327,810.358465
350,2021.145527,810.8344298
400,2020.721524,810.971191
450,2020.271106,810.7683366
500,2019.792272,810.2151504
550,2019.303831,809.4812084
600,2018.803783,808.4883645
650,2018.220128,807.0903479
700,2017.552512,805.4616806
750,2016.80865,803.5850041
800,2016.068287,801.5758518
850,2015.349638,799.5885555
900,2014.652842,797.6840303
950,2013.977858,795.8724719
1000,2013.321705,794.1428543
1050,2012.673967,792.4779081
1100,2012.020064,790.877439
1150,2011.353676,789.3171221
1200,2010.67798,787.7997808
1250,2010.013466,786.3305443
1300,2009.363197,784.9025002
1350,2008.726101,783.5235688
1400,2008.105092,782.2186966
1450,2007.494115,780.9697429
1500,2006.806131,780.1083524
1550,2006.042785,779.4139059
1600,2005.198298,778.6707163
1650,2004.372748,777.9777738
1700,2003.455325,777.3422152
1750,2002.563229,776.7945803
1800,2001.715762,776.3405172
1850,2000.8403,775.8671145
1900,1999.991405,775.3661991
1950,1999.148094,774.8275284
2000,1998.302622,774.2743571
2050,1997.459891,773.6288228
2100,1996.564434,772.8288749
2150,1995.641119,771.8967281
2200,1994.718965,770.8942645
2250,1993.813285,769.8189611
2300,1992.969756,768.7168285
2350,1992.100313,767.5355748
2400,1991.112596,766.2196711
2450,1990.252789,764.8850045
2500,1989.370955,763.4091373
2550,1988.545178,761.7705574
2600,1987.677766,759.8734562
2650,1986.858252,757.7585182
2700,1986.029253,755.4687683
2750,1985.174158,752.9943569
2800,1984.293616,750.4104117
2850,1983.394424,747.7487284
2900,1982.489681,745.0137922
2950,1981.605677,742.2391734
3000,1980.740447,739.4044074
3050,1979.901911,736.5330954
3100,1979.07002,733.6638957
3150,1978.250337,730.8593339
3200,1977.47869,728.1497137
3250,1976.745692,725.5223994
3300,1976.053204,723.0085709
3350,1975.35987,720.5735932
3400,1974.678688,718.2288048
3450,1974.016364,715.9626954
3500,1973.371647,713.7349094
3550,1972.754232,711.5720845
3600,1972.173146,709.5615868
3650,1971.686823,707.8305381
3700,1971.288382,706.3181458
3750,1970.950207,705.0312374
3800,1970.6209,703.9370311
3850,1970.286524,702.9433896
3900,1969.950571,702.0044486
3950,1969.610792,700.9928082
4000,1969.268425,699.8949134
4050,1968.932651,698.7207752
4100,1968.619849,697.5042163
4150,1968.332334,696.3100074
4200,1968.066659,695.135431
4250,1967.806465,693.9976289
4300,1967.547366,692.9268579
4350,1967.287652,691.9015211
4400,1967.030978,690.9282159
4450,1966.775692,689.9796844
4500,1966.527945,689.0023421
4550,1966.30523,687.9614798
4600,1966.111203,686.8646021
4650,1965.932553,685.7028118
4700,1965.73563,684.4772895
4750,1965.478137,683.1902736
4800,1965.148826,681.8315552
4850,1964.765404,680.4184372
4900,1964.369867,678.9396205
4950,1963.996268,677.4065488
5000,1963.643759,675.7470587
5050,1963.302746,673.9764237
5100,1962.957827,672.1767094
5150,1962.606547,670.3631265
5200,1962.230354,668.6196079
5250,1961.819589,666.8994598
5300,1961.375555,665.19848
5350,1960.90677,663.4794387
5400,1960.424118,661.7334936
5450,1959.928753,659.9575878
5500,1959.419468,658.14704
5550,1958.907161,656.3507552
5600,1958.401932,654.5713559
5650,1957.910385,652.8345731
5700,1957.427366,651.0682857
5750,1956.932766,649.2444329
5800,1956.4231,647.347931
5850,1955.8999,645.3921375
5900,1955.360892,643.4005554
5950,1954.805928,641.3786792
6000,1954.249506,639.3669706
6050,1953.703358,637.4044822
6100,1953.176459,635.5201602
6150,1952.664355,633.7222184
6200,1952.154434,632.0386799
6250,1951.622849,630.4593912
6300,1951.067598,628.9928172
6350,1950.490478,627.6803398
6400,1949.897941,626.5101513
6450,1949.307171,625.5135942
6500,1948.721223,624.7012891
6550,1948.116367,623.9743618
6600,1947.487248,623.2536147
6650,1946.837077,622.5003776
6700,1946.168913,621.633511
6750,1945.503107,620.6937894
6800,1944.83486,619.6771937
6850,1944.166878,618.6502144
6900,1943.491614,617.7104768
6950,1942.790845,617.036597
7000,1942.066704,616.5919846
7050,1941.315535,616.3001751
7100,1940.564633,616.1271725
7150,1939.811044,616.0453217
7200,1939.062087,616.0522166
7250,1938.30896,616.1038407
7300,1937.567614,616.1587701
7350,1936.818917,616.1985651
7400,1936.070718,616.2041285
7450,1935.323833,616.1644433
7500,1934.580024,616.1328319
7550,1933.83825,616.0899716
7600,1933.078856,615.9943457
7650,1932.305169,615.8430582
7700,1931.528559,615.6197464
7750,1930.764731,615.3011087
7800,1930.017629,614.8873271
7850,1929.252658,614.3659686
7900,1928.442585,613.7470205
7950,1927.588041,613.0103901
8000,1926.703581,612.1409906
8050,1925.809629,611.1515158
8100,1924.911157,609.9907541
8150,1924.025365,608.6242887
8200,1923.147124,607.0540727
8250,1922.268707,605.3736089
8300,1921.376979,603.6141813
8350,1920.463738,601.8058524
8400,1919.539493,599.9637642
8450,1918.617623,598.0777285
8500,1917.712199,596.1738702
8550,1916.805427,594.2506428
8600,1915.892631,592.3250853
8650,1914.96577,590.4205234
8700,1914.032486,588.550952
8750,1913.112815,586.7281503
8800,1912.203876,584.9888501
8850,1911.309416,583.3441287
8900,1910.434627,581.7714366
8950,1909.558256,580.2581578
9000,1908.660661,578.8071224
9050,1907.729178,577.3536204
9100,1906.764791,575.8345008
9150,1905.793807,574.2658207
9200,1904.851421,572.6441298
9250,1903.959339,570.9247098
9300,1903.12524,569.1275016
9350,1902.328005,567.2537976
9400,1901.551222,565.3170834
9450,1900.779732,563.3175605
9500,1900.018247,561.2925323
9550,1899.259182,559.2491571
9600,1898.510099,557.2567373
9650,1897.764055,555.3544211
9700,1897.023456,553.6172721
9750,1896.288361,551.9917956
9800,1895.558104,550.4213588
9850,1894.857207,548.8366924
9900,1894.185337,547.1193236
9950,1893.565258,545.1911907
10000,1892.994406,543.0848562
10050,1892.45434,540.8526577
10100,1891.937117,538.4888136
10150,1891.450513,535.9798924
10200,1890.984781,533.3219519
10250,1890.528469,530.5660686
10300,1890.070104,527.666502
10350,1889.614924,524.6833185
10400,1889.160894,521.6462814
10450,1888.708856,518.6290659
10500,1888.262885,515.6281561
10550,1887.843443,512.7457614
10600,1887.471122,510.033749
10650,1887.146615,507.4776315
10700,1886.85358,505.0626574
10750,1886.580234,502.8323257
10800,1886.313282,500.7078207
10850,1886.068529,498.66863
10900,1885.84949,496.6980394
10950,1885.650369,494.8204814
11000,1885.452021,493.0358901
11050,1885.245907,491.3513539
11100,1885.031314,489.7697559
11150,1884.806377,488.3186656
11200,1884.603481,486.9988984
11250,1884.440917,485.784561
11300,1884.333335,484.6813339
11350,1884.263163,483.682261
11400,1884.196167,482.7732645
11450,1884.115075,481.9565363
11500,1884.011544,481.234521
11550,1883.886928,480.5698659
11600,1883.74116,479.9589933
11650,1883.605971,479.3964088
11700,1883.498192,478.8905943
11750,1883.414839,478.4299031
11800,1883.336031,477.9691135
11850,1883.242075,477.5195234
11900,1883.149127,477.0815362
11950,1883.080026,476.5815326
12000,1883.040612,475.9795661
12050,1883.014695,475.2907848
12100,1882.990537,474.5463825
12150,1882.947227,473.7448998
12200,1882.869414,472.9482845
12250,1882.75228,472.1926082
12300,1882.608569,471.4812208
12350,1882.473349,470.8339019
12400,1882.357536,470.2640313
12450,1882.258761,469.7624152
12500,1882.162466,469.2985237
12550,1882.065067,468.8722004
12600,1881.967518,468.5044968
12650,1881.871658,468.1955475
12700,1881.778879,467.9465682
12750,1881.687651,467.6817648
12800,1881.580397,467.4117937
12850,1881.439389,467.1210303
12900,1881.262267,466.7857963
12950,1881.067714,466.4518458
13000,1880.821839,466.117874
13050,1880.487644,465.7888197
13100,1880.051581,465.453242
13150,1879.528143,465.1118139
13200,1879.004104,464.7813505
13250,1878.492263,464.4658432
13300,1877.998127,464.1696434
13350,1877.516575,463.8894926
13400,1877.051327,463.594856
13450,1876.589894,463.2651627
13500,1876.107612,462.8955528
13550,1875.592317,462.4720541
13600,1875.042235,461.9930087
13650,1874.47523,461.475882
13700,1873.897841,460.9506054
13750,1873.305727,460.4154593
13800,1872.698323,459.9530628
13850,1872.095974,459.6036923
13900,1871.50294,459.3766783
13950,1870.924103,459.2775135
14000,1870.358543,459.2976148
14050,1869.806554,459.4180476
14100,1869.270425,459.6482828
14150,1868.723637,459.9916603
14200,1868.137213,460.5073546
14250,1867.495932,460.99987
14300,1866.819517,461.4761502
14350,1866.143522,461.9399189
14400,1865.489295,462.3984954
14450,1864.857116,462.8512617
14500,1864.253086,463.2995794
14550,1863.669562,463.7409502
14600,1863.111789,464.1588193
14650,1862.535107,464.4918888
14700,1861.931069,464.6508193
14750,1861.304693,464.7398309
14800,1860.672212,464.7780008
14850,1860.053198,464.7825789
14900,1859.430273,464.754316
14950,1858.798074,464.7699234
15000,1858.15961,464.8534838
15050,1857.531438,465.0395669
15100,1856.916382,465.3454436
15150,1856.310111,465.7625606
15200,1855.718608,466.2549316
15250,1855.136253,466.8517768
15300,1854.559701,467.4653777
15350,1853.967766,468.0409588
15400,1853.361534,468.5507252
15450,1852.75165,469.0024785
15500,1852.191627,469.4123662
15550,1851.685541,469.7516601
15600,1851.226452,469.9884754
15650,1850.774221,470.0813835
15700,1850.302737,470.0385058
15750,1849.802277,469.963437
15800,1849.290939,469.988013
15850,1848.775677,470.2235877
15900,1848.268018,470.6247507
15950,1847.749338,471.089934
16000,1847.259122,471.6535335
16050,1846.851363,472.2948085
16100,1846.51833,473.004516
16150,1846.251028,473.7792541
16200,1845.98618,474.6092051
16250,1845.726021,475.4785543
16300,1845.459264,476.3885075
16350,1845.194277,477.3755197
16400,1844.961252,478.4534913
16450,1844.773608,479.6576153
16500,1844.637425,480.9886435
16550,1844.511862,482.4050867
16600,1844.387478,483.8765995
16650,1844.248328,485.4215725
16700,1844.114703,487.0260226
16750,1843.989401,488.7010476
16800,1843.871019,490.3899363
16850,1843.744107,492.064215
16900,1843.602022,493.7183184
16950,1843.443635,495.3594156
17000,1843.274617,496.9850793
17050,1843.113308,498.6236649
17100,1842.968754,500.2685148
17150,1842.856881,501.8932808
17200,1842.766009,503.4187542
17250,1842.670889,505.030125
17300,1842.545635,506.6911741
17350,1842.381946,508.3917123
17400,1842.185295,510.1489625
17450,1841.978742,511.9832365
17500,1841.778601,513.9052415
17550,1841.587835,515.9479594
17600,1841.402322,518.1137139
17650,1841.204734,520.4343618
17700,1841.002649,522.9779681
17750,1840.804916,525.5887648
17800,1840.611681,528.2385933
17850,1840.412357,530.8748214
17900,1840.185614,533.4999058
17950,1839.915382,536.0930221
18000,1839.594807,538.6550438
18050,1839.230089,541.1694846
18100,1838.838975,543.6439289
18150,1838.44233,546.0869758
18200,1838.047439,548.447767
18250,1837.653371,550.6829733
18300,1837.247306,552.8399404
18350,1836.829746,554.8889416
18400,1836.431843,556.8882493
18450,1836.041602,558.9180948
18500,1835.622725,560.9695989
18550,1835.135902,563.1062706
18600,1834.569069,565.3757606
18650,1833.973955,567.7677253
18700,1833.369716,570.2605916
18750,1832.766884,572.7415524
18800,1832.167509,575.083864
18850,1831.584201,577.157499
18900,1830.996296,579.0498293
18950,1830.411217,580.757727
19000,1829.803361,582.278915
19050,1829.154365,583.6684386
19100,1828.453868,584.9652716
19150,1827.685881,586.1759561
19200,1826.844703,587.3244517
19250,1825.974867,588.4406165
19300,1825.135062,589.5740753
19350,1824.33271,590.7049205
19400,1823.536207,591.8416016
19450,1822.692986,592.9610025
19500,1821.80179,594.0852425
19550,1820.902485,595.24106
19600,1819.999929,596.4146269
19650,1819.092718,597.5057133
19700,1818.189986,598.424744
19750,1817.236719,599.1934194
19800,1816.218048,599.8290749
19850,1815.145745,600.3621569
19900,1814.064959,600.839945
19950,1812.960006,601.2630602
20000,1811.756492,601.5931368
20050,1810.431964,601.7940177
20100,1808.984585,601.857221
20150,1807.54834,601.8692899
20200,1806.16025,601.8687379
20250,1804.908811,601.8667189
20300,1803.773379,601.8852328
20350,1802.719174,601.9202868
20400,1801.713162,601.9389235
20450,1800.702759,601.9033683
20500,1799.666079,601.8025589
20550,1798.613214,601.6188621
20600,1797.556654,601.3656706
20650,1796.452993,601.0326008
20700,1795.224859,600.6075929
20750,1793.886398,600.1412835
20800,1792.47708,599.6521727
20850,1791.087885,599.1819356
20900,1789.722223,598.7360895
20950,1788.379395,598.3211346
21000,1787.088105,597.9498575
21050,1785.844829,597.6182601
21100,1784.622086,597.2934888
21150,1783.389346,596.9404141
21200,1782.137166,596.588957
21250,1780.870591,596.2581823
21300,1779.616112,595.9702123
21350,1778.371865,595.7828991
21400,1777.105759,595.6331379
21450,1775.817887,595.4482265
21500,1774.509151,595.2230789
21550,1773.205398,594.9036534
21600,1771.910882,594.4391198
21650,1770.623221,593.8250467
21700,1769.351706,593.0915354
21750,1768.110316,592.3098192
21800,1766.865958,591.4857687
21850,1765.609657,590.6284094
21900,1764.320223,589.7413453
21950,1763.04254,588.9163383
22000,1761.773335,588.1448452
22050,1760.533323,587.3967579
22100,1759.3214,586.6737927
22150,1758.153257,585.9450277
22200,1757.055192,584.6968912
22250,1756.058353,583.4883641
22300,1755.055286,582.2457137
22350,1753.983894,580.9501035
22400,1752.851239,579.5672824
22450,1751.710352,578.1193867
22500,1750.576868,576.5613576
22550,1749.442971,574.9101453
22600,1748.334173,573.2122389
22650,1747.234461,571.5503007
22700,1746.167751,570.0337937
22750,1745.148329,568.6013701
22800,1744.216214,567.2847753
22850,1743.375178,566.0630986
22900,1742.583111,564.8879201
22950,1741.851194,563.7635644
23000,1741.217093,562.7032802
23050,1740.691893,561.7101756
23100,1740.269017,560.7917189
23150,1739.836265,559.8668317
23200,1739.326563,558.9034705
23250,1738.731554,557.8969216
23300,1738.102777,556.8722953
23350,1737.477256,555.8633124
23400,1736.878516,554.8993901
23450,1736.274593,553.9889285
23500,1735.67768,553.1930588
23550,1735.088105,552.4981093
23600,1734.498822,551.8160554
23650,1733.963015,551.1690353
23700,1733.53406,550.5674887
23750,1733.221049,549.9731516
23800,1732.968119,549.3632775
23850,1732.708493,548.6955328
23900,1732.441075,547.9585445
23950,1732.166058,547.1194366
24000,1731.881757,546.1671116
24050,1731.57391,545.1014104
24100,1731.253263,543.9394096
24150,1730.929393,542.7258324
24200,1730.586676,541.463333
24250,1730.220765,540.2085559
24300,1729.821839,538.9803878
24350,1729.412714,537.8117748
24400,1728.980301,536.7561507
24450,1728.518907,535.8283312
24500,1728.030588,535.0064402
24550,1727.541291,534.2682303
24600,1727.064585,533.6237446
24650,1726.569674,533.0276969
24700,1726.04471,532.4670226
24750,1725.482688,531.9064965
24800,1724.946921,531.3709907
24850,1724.432945,530.823005
24900,1723.93649,530.2138076
24950,1723.436916,529.5759531
25000,1722.954746,528.9417481
25050,1722.499069,528.3061558
25100,1722.0167,527.6514007
25150,1721.490195,527.0704506
25200,1720.883853,527.0467379
25250,1720.18468,527.025974
25300,1719.473711,527.0340881
25350,1718.78641,527.0303053
25400,1718.121745,527.009055
25450,1717.478209,526.9520096
25500,1716.852927,526.8590401
25550,1716.222999,526.7408353
25600,1715.569403,526.586312
25650,1714.881228,526.3848315
25700,1714.184057,526.1798518
25750,1713.503726,525.9974045
25800,1712.846796,525.8409877
25850,1712.18522,525.7125602
25900,1711.50605,525.6065222
25950,1710.811753,525.5266907
26000,1710.178064,525.5285035
26050,1709.58973,525.6152392
26100,1709.044969,525.788259
26150,1708.507528,526.0222476
26200,1707.978209,526.3092191
26250,1707.434433,526.6419929
26300,1706.829771,526.9992877
26350,1706.164802,527.3532968
26400,1705.457586,527.6899145
26450,1704.775218,528.0276545
26500,1704.102992,528.3035356
26550,1703.431372,528.5325996
26600,1702.738082,528.8596106
26650,1702.055879,529.2694271
26700,1701.406886,529.7296248
26750,1700.769216,530.3658999
26800,1700.124767,531.1411903
26850,1699.44525,532.0750826
26900,1698.72842,533.2349305
26950,1697.966049,534.6904346
27000,1697.161843,536.4596434
27050,1696.335698,538.4982579
27100,1695.524379,540.7832096
27150,1694.778512,543.3856334
27200,1694.105911,546.2095256
27250,1693.480661,549.1598073
27300,1692.855349,552.2814071
27350,1692.263185,555.6255537
27400,1691.721973,559.0011392
27450,1691.239982,562.4528405
27500,1690.759185,566.0093321
27550,1690.256374,569.6357822
27600,1689.738233,573.3758478
27650,1689.245591,577.2102466
27700,1688.767602,581.1529761
27750,1688.281081,585.2126458
27800,1687.708917,589.3071762
27850,1687.045321,593.4658539
27900,1686.300667,597.704349
27950,1685.494907,602.0512973
28000,1684.663614,606.4278562
28050,1683.816687,610.9093435
28100,1683.02406,615.468057
28150,1682.287373,620.0672232
28200,1681.588891,624.7181827
28250,1680.826993,629.3278228
28300,1679.933844,633.968604
28350,1678.918697,638.5875976
28400,1677.806943,643.2621615
28450,1676.665542,648.0565462
28500,1675.502728,652.9059858
28550,1674.324365,657.8445742
28600,1673.14656,662.8498703
28650,1671.980957,667.9600745
28700,1670.814931,673.1491966
28750,1669.591487,678.3773172
28800,1668.309921,683.5374099
28850,1666.952855,688.6404272
28900,1665.575647,693.6325806
28950,1664.191062,698.4660064
29000,1662.738875,703.1243837
29050,1661.22109,707.5916481
29100,1659.642639,711.8660371
29150,1658.055637,715.9812625
29200,1656.438679,719.9564847
29250,1654.77969,723.8096514
29300,1653.082375,727.5520337
29350,1651.380066,731.2167691
29400,1649.684037,734.8240604
29450,1647.960046,738.3617532
29500,1646.223296,741.8179731
29550,1644.457945,745.2497812
29600,1642.724651,748.5532442
29650,1640.980942,751.7671716
29700,1639.204829,754.9107732
29750,1637.381126,757.9151907
29800,1635.554757,760.794796
29850,1633.761841,763.5588716
29900,1632.028154,766.1419079
29950,1630.35925,768.5021733
30000,1628.745431,770.5973347
30050,1627.165303,772.4428414
30100,1625.584187,774.0324283
30150,1623.95179,775.3005557
30200,1622.275865,776.3368968
30250,1620.591701,777.1712593
30300,1618.917672,777.7709096
30350,1617.22481,777.9207843
30400,1615.48732,777.7652825
30450,1613.71609,777.2752881
30500,1611.955715,776.4198383
30550,1610.239224,775.2363015
30600,1608.52775,773.6950187
30650,1606.846502,771.9029567
30700,1605.170599,769.873468
30750,1603.552499,767.5838356
30800,1602.007694,765.1025922
30850,1600.554665,762.5251705
30900,1599.183837,759.7508866
30950,1597.874595,756.8781842
31000,1596.588634,754.0176344
31050,1595.30659,751.1759982
31100,1594.011896,748.3219737
31150,1592.712208,745.4838299
31200,1591.411606,742.6430132
31250,1590.177314,739.8449744
31300,1589.041308,737.1002271
31350,1587.9968,734.3714169
31400,1587.014949,731.6293184
31450,1586.023958,728.8549771
31500,1585.051677,726.0523405
31550,1584.13228,723.2469653
31600,1583.256973,720.4575784
31650,1582.400314,717.651669
31700,1581.520274,714.7845868
31750,1580.650075,711.9528206
31800,1579.800488,709.1620303
31850,1578.95805,706.3758452
31900,1578.08524,703.5863686
31950,1577.19384,700.8211397
32000,1576.271587,698.0678228
32050,1575.318153,695.3266004
32100,1574.335687,692.6667119
32150,1573.323049,690.0716428
32200,1572.36262,687.5671674
32250,1571.508099,685.1692753
32300,1570.753921,682.8377006
32350,1570.054655,680.59094
32400,1569.34618,678.3668999
32450,1568.662786,676.1808085
32500,1568.010791,674.0234499
32550,1567.387932,671.8888515
32600,1566.762459,669.7679212
32650,1566.139959,667.6901366
32700,1565.524329,665.6513641
32750,1564.923045,663.6764501
32800,1564.32071,661.7116665
32850,1563.712051,659.7550717
32900,1563.095274,657.7912226
32950,1562.475438,655.8062349
33000,1561.855398,653.8302759
33050,1561.239078,651.8641573
33100,1560.624758,649.9273416
33150,1559.97734,647.9783523
33200,1559.254384,645.9843923
33250,1558.469683,643.9511829
33300,1557.640274,641.8726951
33350,1556.819864,639.9109729
33400,1555.965215,638.0320155
33450,1555.073064,636.2421623
33500,1554.133575,634.5491164
33550,1553.183632,633.01316
33600,1552.225828,631.6439821
33650,1551.258482,630.4492502
33700,1550.265084,629.3849032
33750,1549.254104,628.5155989
33800,1548.24342,627.8095245
33850,1547.23352,627.2146858
33900,1546.20988,626.8100185
33950,1545.176661,626.4864238
34000,1544.137912,626.1282444
34050,1543.111634,625.7322098
34100,1542.075252,625.2854576
34150,1541.011058,624.7730086
34200,1539.921974,624.1880739
34250,1538.825376,623.5115593
34300,1537.741122,622.7606827
34350,1536.618904,621.934669
34400,1535.450861,620.9967563
34450,1534.240735,619.9460136
34500,1533.030279,618.8144244
34550,1531.785108,617.5577586
34600,1530.504321,616.1558903
34650,1529.205123,614.6373418
34700,1527.919637,612.9843275
34750,1526.670092,611.1716734
34800,1525.449848,609.2443997
34850,1524.261243,607.2747167
34900,1523.095616,605.2664646
34950,1521.960452,603.2586093
35000,1520.86045,601.2270498
35050,1519.799605,599.1813434
35100,1518.770499,597.063676
35150,1517.751419,594.863081
35200,1516.694431,592.5691922
35250,1515.582299,590.1966936
35300,1514.422075,587.7825294
35350,1513.223534,585.2927106
35400,1512.044937,582.8140551
35450,1510.841227,580.3314847
35500,1509.652785,577.8785875
35550,1508.482996,575.4499261
35600,1507.333894,573.0290713
35650,1506.191016,570.6391763
35700,1505.048472,568.2644184
35750,1503.91074,565.8872496
35800,1502.788039,563.5042622
35850,1501.675613,561.0796594
35900,1500.549593,558.5464233
35950,1500.315942,558.0129214
36000,1500.283979,557.937524
36050,1500.252016,557.8621267
36100,1500.220053,557.7867293
36150,1500.188091,557.7113319
36200,1500.156128,557.6359345
36250,1500.124165,557.5605372
36300,1500.092202,557.4851398
36350,1500.06024,557.4097424
36400,1500.028277,557.334345
36450,1499.996314,557.2589477
36500,1499.964351,557.1835503
36550,1499.932388,557.1081529
36600,1499.900426,557.0327555
36650,1499.868463,556.9573581
36700,1499.8365,556.8819608
36750,1499.804537,556.8065634
36800,1499.772574,556.731166
36850,1499.740612,556.6557686
36900,1499.708649,556.5803713
36950,1499.242255,555.4400524
37000,1498.226011,552.8715994
37050,1497.258597,550.3054493
37100,1496.29118,547.7237151
37150,1495.38023,545.1688242
37200,1494.562404,542.657044
37250,1493.849643,540.2055898
37300,1493.179086,537.793541
37350,1492.492582,535.36443
37400,1491.844388,532.9348089
37450,1491.241041,530.4619351
37500,1490.68021,527.8852025
37550,1490.109567,525.2281725
37600,1489.525761,522.4502001
37650,1488.958939,519.4656657
37700,1488.414976,516.3329103
37750,1487.88028,513.0564109
37800,1487.314588,509.5377919
37850,1486.750182,505.8485212
37900,1486.196386,502.0288911
37950,1485.651751,498.0906877
38000,1485.091214,493.9642754
38050,1484.49122,489.6538227
38100,1483.887285,485.1885793
38150,1483.285806,480.5494329
38200,1482.68155,475.7575744
38250,1482.052593,470.8735519
38300,1481.419945,465.8824898
38350,1480.863982,460.8570929
38400,1480.385706,455.8735792
38450,1479.966649,450.8980585
38500,1479.51588,445.9490597
38550,1479.048826,441.0527272
38600,1478.583441,436.230086
38650,1478.118074,431.473713
38700,1477.633203,426.8076063
38750,1477.090632,422.2517598
38800,1476.457076,417.7522449
38850,1475.734212,413.3168362
38900,1474.919928,408.9492989
38950,1474.065901,404.7121927
39000,1473.160085,400.5773294
39050,1472.173594,396.5770524
39100,1471.114832,392.6816296
39150,1469.995655,388.8540732
39200,1468.850739,385.1220671
39250,1467.738183,381.5106804
39300,1466.681488,378.0320614
39350,1465.688912,374.6883046
39400,1464.721281,371.4149034
39450,1463.730025,368.1543567
39500,1462.672633,364.8880113
39550,1461.564151,361.6867189
39600,1460.409332,358.4929491
39650,1459.241697,355.2944501
39700,1458.083701,352.1057272
39750,1456.948981,348.906298
39800,1455.847238,345.7838674
39850,1454.782369,342.7997613
39900,1453.708772,339.9165942
39950,1452.554921,337.1109992
40000,1451.300114,334.3342146
40050,1449.957842,331.5928315
40100,1448.583276,328.9080323
40150,1447.190568,326.2900394
40200,1445.75701,323.7224295
40250,1444.290519,321.2203306
40300,1442.798501,318.7758204
40350,1441.320169,316.4450047
40400,1439.847745,314.2657895
40450,1438.342098,312.2493005
40500,1436.820235,310.4689703
40550,1435.282149,308.9073999
40600,1433.762592,307.6852557
40650,1432.233444,306.8482352
40700,1430.684932,306.4536181
40750,1429.102792,306.4367763
40800,1427.534437,306.746312
40850,1425.966336,307.2212323
40900,1424.373686,307.6548745
40950,1422.764982,308.0338929
41000,1421.129343,308.451607
41050,1419.510025,308.9366153
41100,1417.912703,309.4811
41150,1416.333836,310.0925515
41200,1414.768713,310.7396755
41250,1413.211229,311.4331159
41300,1411.652452,312.1881824
41350,1409.987983,312.9199098
41400,1408.185642,313.592105
41450,1406.249937,314.2121802
41500,1404.246792,314.7607165
41550,1402.234138,315.2364689
41600,1400.283167,315.6557102
41650,1398.416384,316.0240358
41700,1396.643453,316.3187755
41750,1394.95075,316.5184523
41800,1393.312768,316.629294
41850,1391.766416,316.6900643
41900,1390.302737,316.6994182
41950,1388.884529,316.6202511
42000,1387.495023,316.4241852
42050,1386.17714,316.1026758
42100,1384.929306,315.6897752
42150,1383.746762,315.1997394
42200,1382.57896,314.597254
42250,1381.336294,313.7804836
42300,1379.970815,312.7180914
42350,1378.473656,311.4113538
42400,1376.893693,309.887737
42450,1375.298448,308.2121081
42500,1373.699286,306.3703077
42550,1372.152194,304.3731829
42600,1370.640791,302.2460762
42650,1369.176238,300.0287201
42700,1367.695487,297.7105044
42750,1366.180085,295.3048239
42800,1364.649351,292.808952
42850,1363.133053,290.2603265
42900,1361.642055,287.6629381
42950,1360.163607,284.99975
43000,1358.714449,282.2919418
43050,1357.277378,279.5224138
43100,1355.853523,276.6782685
43150,1354.423798,273.6874452
43200,1352.987674,270.56111
43250,1351.509953,267.2895226
43300,1349.979543,263.8680877
43350,1348.391482,260.2633369
43400,1346.794557,256.522927
43450,1345.21616,252.6396629
43500,1343.633551,248.598574
43550,1342.048316,244.3639229
43600,1340.462374,239.8647842
43650,1338.874118,235.0695535
43700,1337.268221,229.9204424
43750,1335.562873,224.4168117
43800,1333.768919,218.7415966
43850,1331.886837,213.0118493
43900,1330.033843,207.40355
43950,1328.197987,201.8829487
44000,1326.374717,196.3848807
44050,1324.552441,190.8763148
44100,1322.740413,185.3828802
44150,1320.929294,179.9061306
44200,1319.114485,174.4914872
44250,1317.28873,169.0944072
44300,1315.449631,163.6937768
44350,1313.6749,158.3303022
44400,1311.997191,153.0370637
44450,1310.378712,147.7448643
44500,1308.792334,142.4574079
44550,1307.178231,137.1544769
44600,1305.492618,131.8299877
44650,1303.712294,126.4627087
44700,1301.851803,121.0646348
44750,1299.949946,115.623237
44800,1298.053759,110.1763325
44850,1296.140456,104.6874428
44900,1294.233044,99.1820828
44950,1292.333761,93.64954576
45000,1290.464983,88.12771693
45050,1288.592264,82.53651226
45100,1286.714612,76.86079611
45150,1284.823431,71.08042448
45200,1282.912008,65.16365726
45250,1281.02152,59.27185177
45300,1279.147244,53.37070876
45350,1277.358466,47.53316942
45400,1275.669835,41.74009371
45450,1274.05112,35.95679568
45500,1272.466965,30.20966779
45550,1270.830639,24.39992629
45600,1269.204131,18.58717462
45650,1267.595879,12.74893001
45700,1266.023076,6.847450945
45750,1264.442167,0.91773321
45800,1262.81979,-5.091632539
45850,1261.212159,-11.12712373
45900,1259.617489,-17.22194166
45950,1258.06445,-23.32130864
46000,1256.497126,-29.45580107
46050,1254.943889,-35.58363258
46100,1253.432166,-41.63053144
46150,1251.935721,-47.64419584
46200,1250.445279,-53.58818479
46250,1248.973974,-59.44495084
46300,1247.545416,-65.19640588
46350,1246.155809,-70.85750641
46400,1244.775545,-76.45163372
46450,1243.36908,-81.99079924
46500,1241.952953,-87.46198796
46550,1240.541882,-92.84765715
46600,1239.122642,-98.18493725
46650,1237.695944,-103.4201824
46700,1236.279665,-108.6027401
46750,1234.961098,-113.6931142
46800,1233.745093,-118.6919919
46850,1232.604877,-123.6116169
46900,1231.454267,-128.4347256
46950,1230.276389,-133.1965149
47000,1229.069385,-137.8629921
47050,1227.829843,-142.3968917
47100,1226.548904,-146.8320803
47150,1225.237924,-151.1860924
47200,1223.916366,-155.4396663
47250,1222.50757,-159.6330705
47300,1220.989435,-163.7762216
47350,1219.334418,-167.9054644
47400,1217.659033,-171.9452988
47450,1216.012391,-175.9217707
47500,1214.37309,-179.8228593
47550,1212.709566,-183.6973969
47600,1211.014371,-187.5707846
47650,1209.307124,-191.4725955
47700,1207.578351,-195.3921076
47750,1205.814574,-199.3031658
47800,1203.995648,-203.2637379
47850,1202.14505,-207.2629138
47900,1200.27309,-211.3108354
47950,1198.37721,-215.3945296
48000,1196.433954,-219.5549153
48050,1194.482764,-223.7025798
48100,1192.529413,-227.785
48150,1190.589151,-231.8017052
48200,1188.658716,-235.7604906
48250,1186.751713,-239.6908386
48300,1184.861322,-243.6166012
48350,1182.930622,-247.5801553
48400,1180.958489,-251.5559264
48450,1178.984717,-255.5231198
48500,1177.043188,-259.4697197
48550,1175.158062,-263.3857038
48600,1173.229189,-267.3264274
48650,1171.258667,-271.2590253
48700,1169.223912,-275.2139833
48750,1167.19143,-279.1362142
48800,1165.154766,-283.0197111
48850,1163.040031,-286.9289228
48900,1160.897466,-290.8189765
48950,1158.767087,-294.646415
49000,1156.678988,-298.4236363
49050,1154.609495,-302.1358234
49100,1152.505391,-305.8253716
49150,1150.38196,-309.4817315
49200,1148.269368,-313.0921259
49250,1146.196598,-316.6141543
49300,1144.125506,-320.0780527
49350,1142.033982,-323.5097131
49400,1139.937656,-326.8820785
49450,1137.847249,-330.1995222
49500,1135.757693,-333.5020697
49550,1133.656746,-336.8039485
49600,1131.554789,-340.0967811
49650,1129.458708,-343.3903311
49700,1127.402582,-346.6514722
49750,1125.3506,-349.9209011
49800,1123.295757,-353.1980379
49850,1121.207696,-356.5465541
49900,1119.118294,-359.9269377
49950,1117.025438,-363.3669431
50000,1114.953817,-366.8447334
50050,1112.916526,-370.3504521
50100,1110.922415,-373.897552
50150,1109.002107,-377.4424017
50200,1107.126935,-381.071955
50250,1105.359403,-384.7374634
50300,1103.730068,-388.3917381
50350,1102.248688,-392.0914388
50400,1100.848939,-395.8172221
50450,1099.502586,-399.5527349
50500,1098.205578,-403.3086766
50550,1096.944407,-407.0832568
50600,1095.722017,-410.7880525
50650,1094.494864,-414.4270605
50700,1093.281981,-417.9885215
50750,1092.109135,-421.4596369
50800,1090.982786,-424.8148686
50850,1089.886989,-428.0636127
50900,1088.786797,-431.2240088
50950,1087.695472,-434.2679776
51000,1086.615432,-437.1953869
51050,1085.515919,-440.0225212
51100,1084.36384,-442.7676712
51150,1083.155064,-445.4320975
51200,1081.908468,-447.9974377
51250,1080.641855,-450.4585463
51300,1079.319842,-452.8510632
51350,1077.944046,-455.1640649
51400,1076.510468,-457.3852274
51450,1075.014668,-459.5298573
51500,1073.448441,-461.5936178
51550,1071.804158,-463.543552
51600,1070.111955,-465.3727773
51650,1068.373287,-467.0734918
51700,1066.662833,-468.6215315
51750,1064.936593,-470.074427
51800,1063.174318,-471.437623
51850,1061.386007,-472.6902764
51900,1059.544855,-473.8633757
51950,1057.678811,-474.959438
52000,1055.749696,-475.9589054
52050,1053.789064,-476.8525868
52100,1051.800748,-477.6467949
52150,1049.794498,-478.3426501
52200,1047.764547,-478.9570577
52250,1045.74125,-479.5047681
52300,1043.736564,-480.0354519
52350,1041.758588,-480.5638411
52400,1039.782706,-481.0997205
52450,1037.837863,-481.6332394
52500,1035.96409,-482.127206
52550,1034.16787,-482.567505
52600,1032.43599,-482.9889679
52650,1030.688299,-483.4318067
52700,1028.909476,-483.9028718
52750,1027.097114,-484.4065669
52800,1025.263653,-484.9115811
52850,1023.424812,-485.3945446
52900,1021.612573,-485.8397757
52950,1019.823579,-486.2473699
53000,1018.077485,-486.6108472
53050,1016.370749,-486.937467
53100,1014.650055,-487.2542915
53150,1012.891655,-487.5725906
53200,1011.075998,-487.9018501
53250,1009.230607,-488.2300961
53300,1007.373215,-488.5524918
53350,1005.478539,-488.8809743
53400,1003.547732,-489.2161378
53450,1001.588091,-489.5658614
53500,999.6325499,-489.9323775
53550,997.6879264,-490.3112323
53600,995.7585462,-490.7994488
53650,993.8257683,-491.5976918
53700,991.8660985,-492.3407962
53750,989.9001819,-493.261515
53800,987.9164732,-494.4559732
53850,985.9279416,-495.6967646
53900,983.9359067,-496.9403785
53950,981.9196008,-498.1962124
54000,979.8745349,-499.4820465
54050,977.8814278,-500.7555244
54100,975.9415798,-502.0036369
54150,974.0127601,-503.2466886
54200,972.1068567,-504.4866246
54250,970.2014371,-505.7387132
54300,968.3278771,-506.9926144
54350,966.5164366,-508.2267995
54400,964.7322654,-509.4660022
54450,962.9360493,-510.7458271
54500,961.1534566,-512.0615967
54550,959.4127552,-513.4131818
54600,957.7691818,-514.7728164
54650,956.2013218,-516.1692003
54700,954.6841892,-517.5970063
54750,953.1979132,-519.0563544
54800,951.7208553,-520.5628006
54850,950.2373073,-522.1027283
54900,948.724086,-523.6373596
54950,947.1606598,-525.1882321
55000,945.5930005,-526.7934207
55050,944.0483591,-528.4365948
55100,942.5206319,-530.1298411
55150,940.9943754,-531.9005731
55200,939.461446,-533.7395315
55250,937.8994481,-535.6634173
55300,936.3545496,-537.5930721
55350,934.828334,-539.5179213
55400,933.3394929,-541.4296317
55450,931.8330289,-543.3545964
55500,930.2459442,-545.3281548
55550,928.6084758,-547.3232639
55600,926.9075583,-549.3246023
55650,925.2159185,-551.2639227
55700,923.518493,-553.1596063
55750,921.83015,-554.9960622
55800,920.1515415,-556.7784921
55850,918.4558131,-558.5303073
55900,916.748155,-560.229348
55950,915.0041345,-561.9114056
56000,913.219683,-563.6631635
56050,911.4254022,-565.5242406
56100,909.6217355,-567.5402841
56150,907.7939746,-569.9068964
56200,905.9845515,-572.5797726
56250,904.1981672,-575.3580338
56300,902.4152515,-578.2702409
56350,900.6473921,-581.283712
56400,898.8430477,-584.4557345
56450,897.0277385,-587.8243366
56500,895.2069988,-591.322644
56550,893.3713763,-594.9067943
56600,891.5225795,-598.4605348
56650,889.6557719,-601.7440799
56700,887.7740862,-605.1225302
56750,885.8845178,-608.3045516
56800,883.9741075,-611.2473496
56850,882.0298057,-614.1630966
56900,880.0954832,-617.0659785
56950,878.2209087,-619.9467603
57000,876.4133065,-622.792779
57050,874.6509941,-625.610994
57100,872.8624079,-628.4684379
57150,871.0839949,-631.3315816
57200,869.3192237,-634.2044468
57250,867.5695686,-637.082066
57300,865.801934,-639.9858367
57350,864.0184507,-642.9110521
57400,862.2439561,-645.8547025
57450,860.4886968,-648.8042994
57500,858.7312948,-651.7836007
57550,856.9525112,-654.7873997
57600,855.1032999,-657.8534308
57650,853.1821937,-660.9793472
57700,851.1869805,-664.1642092
57750,849.1554062,-667.3816398
57800,847.1423516,-670.5839944
57850,845.1667588,-673.7978822
57900,843.2105088,-677.0972813
57950,841.2737536,-680.4576537
58000,839.3309846,-683.8715618
58050,837.3983059,-687.3241963
58100,835.4343612,-690.8475911
58150,833.4507701,-694.3648576
58200,831.4330776,-697.9071627
58250,829.3881754,-701.475091
58300,827.330925,-705.0345966
58350,825.2255456,-708.6229922
58400,823.0656431,-712.2423082
58450,820.9033085,-715.8398556
58500,818.7347312,-719.4440653
58550,816.572823,-723.0225252
58600,814.3571541,-726.6336538
58650,812.1059518,-730.2660458
58700,809.8291013,-733.9313847
58750,807.561577,-737.622416
58800,805.3046141,-741.3148803
58850,802.9930216,-745.0618116
58900,800.6460245,-748.82227
58950,798.2424548,-752.6256086
59000,795.8411791,-756.3436232
59050,793.4255257,-759.9398245
59100,791.3532387,-763.1334584
59150,790.2887518,-765.3653808
59200,789.2210572,-767.2994624
59250,788.1473373,-769.1117258
59300,787.0491126,-770.8312539
59350,785.942662,-772.414915
59400,784.8472346,-773.8457172
59450,783.7391933,-775.0445062
59500,782.6189447,-776.054719
59550,781.4843637,-776.936568
59600,780.3415286,-777.6903149
59650,779.218847,-778.3958852
59700,778.1147496,-779.0826032
59750,777.0306001,-779.7492203
59800,775.9727554,-780.3901605
59850,774.9374844,-781.0143593
59900,773.8993243,-781.6351116
59950,772.780216,-782.2869716
60000,771.5807754,-782.9684714
60050,770.3004732,-783.6815043
60100,769.0250908,-784.3875444
60150,767.739889,-785.0971475
60200,766.437936,-785.8122495
60250,765.1039129,-786.5404392
60300,763.7577497,-787.2722395
60350,762.4235151,-787.9906101
60400,761.0688852,-788.7000896
60450,759.6856809,-789.4028251
60500,758.2778425,-790.0966423
60550,756.8496973,-790.7778693
